date,cdr_volume,successful_cdrs,failed_cdrs,duplicate_cdrs,missing_cdrs,mediation_failures,rating_failures,billing_mismatches,expected_revenue,billed_revenue,revenue_leakage,revenue_recovered,recovery_rate,processing_delay_avg,system_incidents,ra_alerts,customer_complaints
2025-01-01,402,395,7,1,0,1,3,3,651.8377,648.1389,12.1309,1.4355,0.1183,5.6862842892768075,0,1,0
2025-01-02,370,361,9,0,0,3,3,5,605.8144,603.1068,12.7187,1.3196,0.1038,5.687804878048781,0,0,2
2025-01-03,413,407,5,3,1,1,3,3,787.7007,781.1726,18.2517,1.7328,0.0949,5.481310679611651,0,2,2
2025-01-04,338,331,6,1,1,4,1,1,495.1909,492.7941,9.339599999999999,1.0986,0.1176,5.53491124260355,0,8,1
2025-01-05,284,277,6,0,1,1,2,3,503.37149999999997,503.2497,9.3026,0.9527,0.1024,5.634154929577464,0,3,1
2025-01-06,367,358,6,0,3,2,2,3,562.9833,547.0154,22.8926,2.2027,0.0962,5.783879781420765,0,4,2
2025-01-07,399,390,8,3,1,3,5,2,706.9013,698.9802,18.8532,1.9544,0.1037,5.454636591478697,0,5,2
2025-01-08,389,375,11,2,3,7,6,0,653.7237,642.5859,20.1065,1.9381,0.0964,5.520051413881749,0,3,1
2025-01-09,396,388,7,3,1,2,4,1,708.5495,698.2372,20.6981,2.0065,0.0969,5.5502538071066,0,6,2
2025-01-10,376,366,5,1,5,2,2,2,671.2272,656.4309,24.5786,2.3785,0.0968,5.403733333333333,0,2,0
2025-01-11,338,331,5,2,2,1,1,5,616.7296,612.2856,14.6751,1.6349,0.1114,6.108284023668639,0,3,2
2025-01-12,336,333,3,1,0,0,2,1,623.7742,618.5217,13.1872,1.3999,0.1062,5.438690476190477,0,4,3
2025-01-13,400,396,4,0,0,0,3,3,721.6377,721.9983,11.991900000000001,1.0795,0.09,5.896741854636592,0,2,3
2025-01-14,425,415,6,0,4,4,4,4,849.4643,835.899,27.8352,2.48,0.0891,5.6030588235294125,0,10,2
2025-01-15,410,396,11,4,3,4,3,5,676.2689,659.4301,28.0496,2.7524,0.0981,5.611707317073171,0,4,1
2025-01-16,378,375,3,1,0,3,0,0,633.6712,631.3274,10.782,1.2055,0.1118,5.468518518518518,0,3,0
2025-01-17,407,400,7,4,0,3,3,1,708.8298,692.4462,25.1596,2.5844,0.1027,6.012530712530713,0,3,1
2025-01-18,306,302,3,0,1,1,2,0,507.4886,507.3859,8.1677,0.7683,0.0941,5.414754098360656,0,2,1
2025-01-19,340,336,3,0,1,1,1,1,589.4316,584.9748,14.023,1.4235,0.1015,5.675294117647058,0,1,1
2025-01-20,398,385,11,1,2,6,6,2,772.5077,764.8572,17.1254,1.8469,0.1078,5.683417085427136,0,0,1
2025-01-21,396,389,5,1,2,3,2,0,686.3948,678.2662,18.0137,2.0301,0.1127,5.472979797979798,0,2,3
2025-01-22,383,379,3,0,1,2,1,0,798.1869,791.1446,15.7249,1.3499,0.0858,5.636553524804178,0,5,0
2025-01-23,430,425,4,1,1,0,4,0,824.4497,812.9037,20.4568,1.9573,0.0957,5.613986013986014,0,3,4
2025-01-24,397,391,6,1,0,1,2,4,827.6804,808.8398,30.1581,3.1164,0.1033,5.582115869017632,0,7,2
2025-01-25,316,306,9,3,1,4,2,3,553.7601,549.1513,14.3832,1.4641,0.1018,5.559493670886075,0,1,3
2025-01-26,317,315,2,0,0,1,0,1,569.6053,569.5286,8.8385,0.915,0.1035,5.542586750788644,0,3,0
2025-01-27,415,405,9,2,1,4,4,1,705.4299,699.3253,16.2826,1.7018,0.1045,5.613734939759036,0,3,1
2025-01-28,410,399,10,6,1,4,4,3,711.5999,701.1038,22.6477,2.1687,0.0958,5.564390243902439,0,1,0
2025-01-29,411,402,7,3,2,3,1,4,676.8582,668.9491,16.959600000000002,1.3704,0.0808,5.531143552311436,0,3,2
2025-01-30,413,399,10,2,4,3,4,6,688.9646,671.7383,29.334600000000002,3.1743,0.1082,5.833414043583534,0,4,2
2025-01-31,453,443,7,2,3,1,4,3,813.0353,800.545,24.7758,2.5389,0.1025,5.41523178807947,0,2,0
2025-02-01,262,253,6,0,3,2,4,2,442.007,434.2797,14.3712,1.6007,0.1114,5.638931297709924,0,1,0
2025-02-02,262,256,4,2,2,2,2,0,381.9785,374.1317,12.5899,1.0708,0.0851,5.7384615384615385,0,5,1
2025-02-03,317,308,9,1,0,4,3,2,573.0207,568.2609,13.0168,1.0513,0.0808,6.102839116719243,0,3,0
2025-02-04,345,337,6,0,2,4,3,1,593.6651,583.2549,19.4653,1.8915,0.0972,5.465797101449276,0,0,2
2025-02-05,355,346,9,2,0,5,2,2,621.3058,614.0637,16.533,1.7659,0.1068,5.648732394366197,0,1,2
2025-02-06,332,324,8,0,0,5,3,2,544.4223,536.2341,14.3357,1.6656,0.1162,5.489759036144578,0,3,1
2025-02-07,318,313,4,0,1,2,1,1,604.6925,601.1954,11.9387,1.262,0.1057,5.670440251572328,0,2,0
2025-02-08,257,255,1,1,1,1,0,0,468.5601,467.5076,8.1763,0.7925,0.0969,5.746303501945525,0,3,0
2025-02-09,282,274,6,1,2,3,2,2,531.158,512.8534,27.588,2.6487,0.096,5.853546099290781,0,4,1
2025-02-10,349,339,9,2,1,5,3,4,644.2153,639.8448,13.6398,1.5179,0.1113,7.386206896551724,1,2,0
2025-02-11,345,335,10,1,0,6,2,3,588.4756,585.4386,9.7928,1.1337,0.1158,6.795072463768117,1,2,3
2025-02-12,321,303,15,1,3,7,5,5,603.7106,588.6139000000001,22.2446,2.244,0.1009,7.299065420560748,1,2,1
2025-02-13,340,333,7,3,0,3,3,2,605.1578,609.2665,7.3747,0.7375,0.1,7.057352941176471,1,1,1
2025-02-14,338,329,9,1,0,5,2,3,625.2421,620.3161,14.478299999999999,5.7981,0.4005,6.582544378698225,0,1,0
2025-02-15,275,269,4,1,2,3,2,0,464.2194,458.8098,12.3707,4.8701,0.3937,6.983272727272728,0,2,0
2025-02-16,287,280,7,1,0,4,1,2,514.3818,515.9278,7.4721,2.1721,0.2907,6.417421602787456,0,2,3
2025-02-17,340,332,7,0,1,3,1,3,506.4866,476.7441,35.4679,8.8106,0.2484,6.527138643067846,0,9,1
2025-02-18,351,349,2,1,0,1,1,0,597.9142,592.8691,14.2311,2.4297,0.1707,5.842735042735043,0,3,1
2025-02-19,338,330,5,2,3,2,2,2,562.5249,543.6,25.9749,2.6033,0.1002,5.63026706231454,0,5,1
2025-02-20,342,336,6,0,0,5,1,1,621.0075,615.5183,13.2651,1.2474,0.094,5.440350877192982,0,1,0
2025-02-21,349,341,7,2,1,2,3,4,602.9759,595.8584,14.6643,1.5407,0.1051,5.616379310344827,0,1,0
2025-02-22,250,246,4,3,0,1,2,2,482.9492,477.0367,12.0126,1.1923,0.0993,5.69,0,1,1
2025-02-23,267,262,3,1,2,0,2,3,457.8111,450.1776,12.9043,1.3285,0.103,5.369662921348315,0,0,1
2025-02-24,327,320,6,1,1,3,2,2,541.6015,537.8649,11.7442,1.3414,0.1142,5.49388379204893,0,4,1
2025-02-25,324,312,12,2,0,7,5,5,530.849,523.0627,16.2675,1.5626,0.0961,5.633333333333334,0,1,2
2025-02-26,332,328,4,0,0,3,0,1,559.2419,556.1981,10.6135,0.977,0.0921,5.429819277108434,0,4,1
2025-02-27,368,357,10,1,1,6,2,2,665.6997,656.9187000000001,16.7804,1.9131,0.114,5.388858695652174,0,0,1
2025-02-28,320,313,7,2,0,2,2,3,590.4847,585.0373,13.3307,1.3079,0.0981,5.664375,0,1,0
2025-03-01,298,288,8,0,2,5,2,1,537.2741,532.416,11.1172,1.1437,0.1029,5.583557046979866,0,2,1
2025-03-02,254,244,9,0,1,1,4,4,414.1277,406.2824,13.541599999999999,1.1667,0.0862,6.038976377952756,0,3,0
2025-03-03,343,339,3,0,1,2,1,0,605.7578,603.0049,12.4933,1.0739,0.086,5.688338192419825,0,1,0
2025-03-04,355,345,8,1,2,5,3,2,634.0241,626.3559,18.9318,2.0679,0.1092,5.621690140845071,0,7,2
2025-03-05,361,349,12,2,0,5,5,3,717.3357,705.8534,21.898400000000002,1.9106,0.0872,5.716897506925208,0,9,1
2025-03-06,364,355,9,2,0,3,3,3,655.6509,650.7067,15.2697,1.5302,0.1002,5.556868131868132,0,4,1
2025-03-07,366,358,6,0,2,3,2,2,649.9478,638.9251,19.7542,2.0038,0.1014,5.703825136612021,0,6,0
2025-03-08,277,271,4,1,2,3,1,0,472.90070000000003,464.629,13.3956,1.3476,0.1006,5.633574007220217,0,0,0
2025-03-09,276,267,9,1,0,3,6,3,467.494,460.3921,14.519400000000001,1.5319,0.1055,5.482246376811593,0,5,2
2025-03-10,368,366,2,3,0,0,1,1,698.8353,698.0728,11.3539,0.9803,0.0863,5.592934782608695,0,4,0
2025-03-11,346,342,2,0,2,0,2,3,618.5557,613.8075,13.0848,1.3347,0.102,5.629190751445087,0,1,2
2025-03-12,324,320,4,2,0,1,2,1,564.013,564.1325,9.4608,0.8253,0.0872,5.571913580246913,0,1,0
2025-03-13,328,322,6,4,0,5,2,0,628.1431,627.8006,11.4711,1.1418,0.0995,5.720121951219513,0,3,1
2025-03-14,333,328,5,3,0,3,2,1,612.5532,610.664,10.3304,1.0364,0.1003,5.519879518072289,0,4,2
2025-03-15,293,287,5,1,1,4,1,1,504.2027,503.19350000000003,8.2144,0.847,0.1031,5.738356164383561,0,3,2
2025-03-16,287,285,2,1,0,2,1,0,488.1615,487.3129,8.277899999999999,0.8163,0.0986,5.437630662020905,0,1,2
2025-03-17,366,360,5,3,1,0,0,5,610.6074,608.4502,12.1165,1.2045,0.0994,5.678630136986301,0,2,0
2025-03-18,343,337,6,1,0,3,3,0,633.8741,625.4933,18.0982,1.6064,0.0888,5.648104956268221,0,5,0
2025-03-19,356,346,9,1,1,2,4,4,599.523,582.3787,26.439,2.5185,0.0953,5.433426966292135,0,5,1
2025-03-20,366,362,3,3,1,1,1,2,577.0474,574.9462,10.007,0.9875,0.0987,5.692896174863388,0,1,0
2025-03-21,348,337,10,2,1,1,4,5,586.4217,582.1516,15.5095,1.5473,0.0998,5.742816091954023,0,5,3
2025-03-22,294,287,7,1,0,3,1,3,509.7379,504.242,14.7463,1.257,0.0852,6.107823129251701,0,3,2
2025-03-23,275,270,5,1,0,1,4,1,492.7753,485.7477,13.6154,1.1075,0.0813,5.841454545454546,0,2,0
2025-03-24,345,332,10,2,3,4,5,5,576.8148,561.1187,23.0783,1.9495,0.0845,5.629069767441861,0,8,0
2025-03-25,346,341,5,0,0,1,2,2,577.6983,573.2572,12.4856,1.1774,0.0943,5.684057971014493,0,1,2
2025-03-26,328,319,7,1,2,3,2,3,597.8947000000001,579.6503,26.9577,2.8011,0.1039,5.549390243902439,0,11,0
2025-03-27,364,357,4,0,3,2,3,1,671.4185,669.7508,12.8563,1.3133,0.1022,5.411845730027548,0,3,0
2025-03-28,346,337,8,1,1,4,4,1,588.7159,567.7685,29.474,3.1915,0.1083,5.460404624277457,0,4,2
2025-03-29,287,281,6,3,0,3,2,1,525.8536,525.2753,9.396,0.9493,0.101,5.534494773519164,0,6,0
2025-03-30,296,289,7,0,0,3,2,2,513.5038,510.985,11.0483,1.2197,0.1104,5.464527027027027,0,1,2
2025-03-31,366,360,3,0,3,3,0,1,668.288,667.2869,11.7032,1.3029,0.1113,5.560109289617486,0,0,0
2025-04-01,378,365,11,2,2,4,3,4,706.327,694.1689,22.4965,2.358,0.1048,5.449206349206349,0,5,1
2025-04-02,360,352,7,5,1,2,5,0,676.2259,658.7223,26.1268,2.3533,0.0901,5.6563888888888885,0,3,1
2025-04-03,353,342,8,1,3,6,1,2,599.1556,592.2474,14.8995,1.6302,0.1094,5.772934472934473,0,3,1
2025-04-04,362,348,11,0,3,4,3,5,656.3967,646.2229,21.3393,1.982,0.0929,5.760664819944598,0,4,1
2025-04-05,264,258,6,1,0,1,2,3,454.6578,438.3829,22.1179,2.6563,0.1201,5.924334600760456,1,6,4
2025-04-06,268,264,2,1,2,1,1,0,421.3749,411.6202,14.818399999999999,1.2682,0.0856,5.623507462686566,1,1,1
2025-04-07,335,328,7,2,0,3,1,3,525.1344,515.5288,16.9523,1.9129,0.1128,5.603283582089552,1,4,1
2025-04-08,343,336,6,2,1,2,3,1,575.8286,563.6575,19.3357,1.9028,0.0984,5.743440233236152,1,1,1
2025-04-09,372,363,5,2,4,1,3,2,649.0494,619.8745,37.4074,14.0262,0.375,5.680053908355796,0,13,0
2025-04-10,344,336,8,4,0,4,5,1,572.2506,564.7012,15.2743,5.4403,0.3562,5.843313953488372,0,1,1
2025-04-11,356,343,12,1,1,6,5,4,620.2239,613.1077,14.7859,3.5268,0.2385,5.705337078651685,0,1,0
2025-04-12,318,315,3,1,0,1,2,0,540.0116,544.2264,5.2749,1.1896,0.2255,5.741823899371069,0,1,0
2025-04-13,289,282,5,1,2,0,1,4,496.0156,492.2798,10.7931,1.8303,0.1696,5.406944444444445,0,1,0
2025-04-14,381,374,4,2,3,2,2,0,650.2747,637.557,22.3476,2.2932,0.1026,5.376640419947506,0,5,3
2025-04-15,345,337,5,2,3,3,1,1,626.6152,617.3448,19.1464,1.9826,0.1035,5.6466666666666665,0,3,1
2025-04-16,362,355,6,0,1,3,2,2,607.8558,600.4092,16.1413,1.8124,0.1123,5.845856353591159,0,2,1
2025-04-17,345,332,8,0,5,5,2,1,606.9851,598.5259,18.6621,1.8614,0.0997,5.429565217391304,0,3,0
2025-04-18,358,348,8,1,2,1,4,4,605.7511,592.9408999999999,21.7885,2.1364,0.0981,5.749162011173184,0,2,2
2025-04-19,311,306,4,0,1,2,2,1,562.9301,558.3303,12.1896,1.2486,0.1024,5.901618122977346,0,1,0
2025-04-20,266,264,2,0,0,1,1,1,464.2292,466.5476,5.9488,0.6242,0.1049,5.688345864661653,0,1,1
2025-04-21,376,367,8,0,1,6,3,1,680.9179,673.2453,18.0994,1.8009,0.0995,5.761968085106383,0,1,1
2025-04-22,372,361,10,0,1,5,4,1,724.6038,718.5396,15.4904,1.523,0.0983,5.954177897574124,0,2,1
2025-04-23,354,346,6,1,2,2,2,3,647.6719,642.4261,17.0654,1.4553,0.0853,5.7322033898305085,0,1,2
2025-04-24,335,324,9,3,2,3,3,4,604.5796,590.1249,24.4325,2.6777,0.1096,5.422686567164178,0,8,3
2025-04-25,369,363,5,0,1,3,1,1,643.3782,640.4086,12.2319,1.2703,0.1039,5.483739837398374,0,1,1
2025-04-26,290,279,11,1,0,5,3,4,511.7051,508.3431,9.3455,0.8017,0.0858,5.36448275862069,0,4,2
2025-04-27,302,297,3,0,2,0,0,3,549.7089,533.9472,24.1068,2.6942,0.1118,5.766887417218543,0,8,0
2025-04-28,368,360,7,3,1,2,3,2,557.7457,547.4666,18.5388,1.9225,0.1037,5.829427792915531,0,2,1
2025-04-29,403,390,10,0,3,5,3,3,756.7412,748.1999,19.5124,2.0305,0.1041,5.607444168734491,0,7,0
2025-04-30,363,354,8,1,1,4,2,2,582.128,566.6573,24.055999999999997,2.4809,0.1031,5.456198347107438,0,5,1
2025-05-01,346,337,9,2,0,5,2,2,615.1723,606.1273,17.2535,1.9519,0.1131,5.826376811594202,0,2,2
2025-05-02,373,366,7,3,0,3,2,2,589.4245,584.8929,13.9784,1.4609,0.1045,5.738440860215054,0,1,0
2025-05-03,302,296,6,2,0,2,1,3,495.8717,491.2716,11.5575,0.8585,0.0743,5.825165562913908,0,0,1
2025-05-04,324,319,3,1,2,0,1,3,525.2122,517.2525,14.2877,1.3318,0.0932,5.489197530864198,0,5,0
2025-05-05,389,381,8,3,0,3,3,2,614.8071,612.2089,12.200000000000001,1.2892,0.1057,5.50541237113402,0,0,1
2025-05-06,379,367,10,0,2,2,9,2,773.3174,751.3591,30.111900000000002,2.9925,0.0994,5.634828496042216,0,10,1
2025-05-07,402,395,6,1,1,2,4,2,686.4195,683.2698,14.855599999999999,1.165,0.0784,5.688528678304239,0,5,4
2025-05-08,344,339,5,0,0,3,2,2,650.5745,647.1739,11.9751,1.0858,0.0907,5.357725947521866,0,1,2
2025-05-09,356,348,6,4,2,2,4,2,643.1557,634.2351,17.6572,1.6584,0.0939,5.544101123595506,0,6,1
2025-05-10,283,279,4,0,0,1,1,2,454.7823,449.0307,11.9947,1.1922,0.0994,5.620494699646643,0,4,1
2025-05-11,294,282,11,2,1,7,2,4,590.521,583.6256,17.9389,2.2077,0.1231,5.698293515358362,0,4,1
2025-05-12,340,334,6,2,0,4,3,1,692.1841,696.5795,8.7935,0.9522,0.1083,5.675882352941176,0,2,2
2025-05-13,385,380,5,2,0,3,3,0,676.9975,675.1597,11.2977,1.0861,0.0961,5.521932114882507,0,2,2
2025-05-14,366,359,7,2,0,3,2,5,748.4357,748.4905,11.4158,1.1159,0.0978,5.735342465753425,0,2,2
2025-05-15,340,331,7,0,2,1,3,6,666.3118,655.716,21.6525,2.3538,0.1087,5.459117647058823,0,9,0
2025-05-16,350,342,8,2,0,4,2,2,610.5281,609.0403,10.668,1.112,0.1042,5.815142857142857,0,0,4
2025-05-17,307,299,6,1,2,1,4,1,553.2361,542.3534,17.1607,1.7602,0.1026,5.281433224755701,0,4,1
2025-05-18,316,310,5,0,1,2,3,1,541.0637,519.8996,25.0,2.2258,0.089,5.324683544303797,0,6,0
2025-05-19,419,407,10,0,2,4,3,4,708.7965,681.8626,36.6589,3.9479,0.1077,5.566348448687351,0,6,0
2025-05-20,440,433,7,4,0,1,4,2,731.6707,729.0099,14.629,1.4856,0.1016,5.474715261958998,0,1,1
2025-05-21,383,373,8,0,2,6,0,2,818.9963,815.1123,15.5185,1.6964,0.1093,5.825916230366492,0,2,0
2025-05-22,351,340,7,1,4,3,3,1,617.7921,602.6301,23.7099,2.5144,0.106,5.697720797720798,0,9,0
2025-05-23,326,324,2,1,0,1,2,1,617.8036,610.1021,16.3204,1.6683,0.1022,5.667484662576687,0,1,0
2025-05-24,307,296,8,2,3,5,3,1,517.3796,507.4188,17.6442,1.7232,0.0977,5.652442996742671,0,1,1
2025-05-25,288,286,2,2,0,1,0,1,540.5466,539.0931,8.5244,0.8026,0.0942,5.703125,0,2,1
2025-05-26,364,357,6,1,1,4,0,2,691.8596,685.9293,14.7415,1.7546,0.119,5.457967032967033,0,2,1
2025-05-27,360,347,10,3,3,4,5,2,639.3756,625.0095,25.720100000000002,2.1807,0.0848,5.615555555555555,0,9,2
2025-05-28,372,366,6,2,0,1,3,3,693.9933,693.2123,14.2815,1.2211,0.0855,5.756720430107527,0,2,1
2025-05-29,400,390,7,4,3,4,3,1,593.0851,585.1275,16.6641,1.7523,0.1052,5.601,0,1,1
2025-05-30,378,368,10,4,0,6,2,4,719.6432,714.9879999999999,14.3431,1.4483,0.101,5.705291005291005,0,4,1
2025-05-31,301,295,5,1,1,3,1,1,499.348,494.16880000000003,12.0107,1.2378,0.1031,5.416943521594685,0,1,1
2025-06-01,291,286,4,0,1,2,2,0,521.598,516.8862,12.1494,1.3472,0.1109,5.567353951890034,0,1,1
2025-06-02,345,337,5,1,3,2,3,1,651.052,641.2082,20.7998,1.9779,0.0951,5.500872093023256,0,5,2
2025-06-03,373,362,10,1,1,2,5,4,677.2396,657.3361,31.1946,3.1146,0.0998,5.624932975871314,0,11,1
2025-06-04,382,373,8,2,1,3,7,3,737.6995000000001,728.5474,18.7775,1.7536,0.0934,5.705497382198953,0,8,0
2025-06-05,425,413,11,2,1,6,3,3,776.6047,760.9077,26.3793,2.7627,0.1047,5.583529411764706,0,6,1
2025-06-06,387,380,7,0,0,2,3,3,770.1018,766.7841,15.4484,1.7292,0.1119,5.893782383419689,0,2,0
2025-06-07,329,323,6,1,0,4,4,2,623.2771,623.6086,10.5649,1.0818,0.1024,5.669512195121951,0,3,0
2025-06-08,301,296,4,3,1,3,2,0,535.5453,533.1945,10.815900000000001,1.1174,0.1033,5.345182724252492,0,0,4
2025-06-09,357,350,6,0,1,2,2,2,671.9626,668.979,14.3809,1.2757,0.0887,5.485434173669468,0,2,0
2025-06-10,362,356,3,3,3,1,1,1,652.5801,645.6331,16.1947,1.4625,0.0903,5.748342541436465,0,2,1
2025-06-11,370,365,5,1,0,4,0,1,683.6173,685.3688,9.3073,1.0184,0.1094,5.543513513513513,0,2,0
2025-06-12,435,427,7,1,1,4,2,2,855.9848,851.7084,16.7002,1.6935,0.1014,5.820689655172414,0,1,1
2025-06-13,366,360,6,1,0,1,2,4,598.3996,588.5564,17.4165,1.8365,0.1054,5.580821917808219,0,2,1
2025-06-14,328,323,4,2,1,1,3,1,628.8614,623.3707,14.1913,1.2264,0.0864,5.591131498470948,0,3,1
2025-06-15,295,290,4,2,1,0,3,2,526.2896000000001,515.111,17.483800000000002,1.5747,0.0901,5.677627118644068,0,1,1
2025-06-16,409,402,6,1,1,4,2,0,780.3954,776.0958,14.0471,1.7416,0.124,5.6928746928746925,0,0,1
2025-06-17,396,385,8,0,3,4,3,2,762.2116,743.9447,27.1496,2.5655,0.0945,5.776010101010101,0,7,1
2025-06-18,382,376,6,3,0,1,4,1,666.1199,657.4129,18.6115,2.0436,0.1098,5.830446194225722,0,2,2
2025-06-19,386,379,5,0,2,2,2,1,717.2165,706.1312,21.0181,2.2427,0.1067,5.3818652849740936,0,4,0
2025-06-20,372,329,39,1,4,5,1,35,624.3243,559.8274,71.3168,8.6011,0.1206,22.31994609164421,1,9,3
2025-06-21,322,291,30,1,1,2,2,28,535.8168,476.1463,65.7953,5.7032,0.0867,21.617391304347827,1,11,1
2025-06-22,305,281,20,0,4,2,4,16,466.1789,419.0573,54.2253,5.7192,0.1055,20.865245901639344,1,5,0
2025-06-23,359,334,22,0,3,3,0,22,672.6957,650.3751,33.2907,13.4828,0.405,21.053760445682453,0,3,1
2025-06-24,359,327,29,0,3,3,8,21,621.796,583.9102,47.6368,19.2887,0.4049,19.396657381615597,0,5,3
2025-06-25,392,363,24,3,5,5,2,20,739.9068,716.6897,36.2798,10.6052,0.2923,15.958418367346939,0,2,1
2025-06-26,426,403,21,3,2,2,1,18,749.6765,727.002,34.019,11.4999,0.338,14.703764705882353,0,4,1
2025-06-27,392,372,19,4,1,1,1,17,618.1538,604.4977,23.702,5.7232,0.2415,12.881632653061226,0,0,1
2025-06-28,315,301,13,1,1,5,2,8,516.1727,511.2308,13.6295,2.6684,0.1958,10.617142857142857,0,1,1
2025-06-29,321,308,11,2,2,4,4,6,580.4594,570.7914,19.172,3.4943,0.1823,9.382242990654206,0,1,0
2025-06-30,419,401,15,2,3,4,2,12,738.4329,706.0011,42.3449,6.0648,0.1432,7.216985645933014,0,5,1
2025-07-01,425,412,11,2,2,7,1,4,683.0387,653.5142,37.021300000000004,3.6251,0.0979,5.594588235294117,0,1,0
2025-07-02,410,405,3,1,2,0,1,2,729.2777,726.2665,12.892199999999999,1.2264,0.0951,5.78170731707317,0,1,0
2025-07-03,448,433,12,4,3,5,4,7,834.2267,817.5462,28.0688,2.9413,0.1048,5.5794183445190155,0,1,2
2025-07-04,433,430,2,2,1,1,1,1,735.9594,733.7543,13.773,1.2404,0.0901,5.376388888888889,0,1,0
2025-07-05,373,362,8,2,3,4,2,4,666.3471,658.9874,17.0421,1.853,0.1087,5.36112600536193,0,0,0
2025-07-06,344,342,1,0,1,1,0,0,604.5092,605.7282,9.566,1.0626,0.1111,5.844767441860465,0,2,2
2025-07-07,390,377,13,0,0,6,2,5,689.3835,686.8151,15.0858,1.4005,0.0928,5.761282051282052,0,0,3
2025-07-08,386,379,5,3,2,3,1,1,668.8303,666.074,13.134,1.1618,0.0885,5.577461139896373,0,1,1
2025-07-09,464,453,9,2,2,3,5,2,801.4368,786.0604,26.2897,2.5167,0.0957,5.524190064794816,0,1,1
2025-07-10,465,457,7,3,1,2,3,2,838.2364,827.2295,23.1535,2.2949,0.0991,5.5851612903225805,0,3,0
2025-07-11,418,406,10,2,2,4,2,4,800.1279,792.1922,20.9198,1.7748,0.0848,5.721531100478469,0,1,0
2025-07-12,334,329,3,1,2,1,2,1,572.246,572.9559,9.4721,0.9711,0.1025,5.254790419161677,0,2,0
2025-07-13,372,364,6,0,2,4,2,1,673.2063,652.6606,27.873800000000003,3.0284,0.1086,5.833333333333333,0,5,0
2025-07-14,395,386,5,1,4,3,1,3,680.992,676.501,18.1079,1.8927,0.1045,5.3693670886075955,0,2,0
2025-07-15,400,392,7,0,1,3,2,3,647.1297,644.4517,12.6756,1.1907,0.0939,5.542000000000001,0,2,0
2025-07-16,439,426,11,3,2,5,4,3,852.417,840.6729,25.3695,3.0408,0.1199,5.7541095890410965,0,4,1
2025-07-17,414,403,9,0,2,2,2,6,683.8096,669.8474,25.8406,2.1788,0.0843,5.570944309927361,0,4,2
2025-07-18,423,411,12,6,0,3,7,3,729.7884,719.8683,21.6896,2.0658,0.0952,5.780141843971631,0,4,0
2025-07-19,341,335,6,0,0,2,1,3,584.0693,579.3255,11.5397,1.0702,0.0927,5.656891495601173,0,3,1
2025-07-20,350,342,7,0,1,3,2,3,789.9999,784.101,16.6067,1.7065,0.1028,5.359428571428571,0,2,2
2025-07-21,462,453,8,2,1,6,4,1,796.051,788.3502,18.572499999999998,1.8567,0.1,5.487662337662338,0,0,2
2025-07-22,430,418,9,1,3,4,4,2,900.5694,874.445,39.4621,3.9794,0.1008,5.794418604651162,0,10,1
2025-07-23,443,433,8,2,2,3,3,2,729.7539,723.1079,16.5629,1.3137,0.0793,5.534389140271493,0,3,2
2025-07-24,372,356,11,1,5,3,5,4,655.6449,646.1582,18.3281,1.9584,0.1069,5.731266846361186,0,0,2
2025-07-25,425,417,8,1,0,6,1,2,785.7871,788.7699,11.7614,1.0744,0.0913,5.4294811320754715,0,1,2
2025-07-26,327,323,3,0,1,1,0,2,636.5099,634.0304,12.4879,1.3712,0.1098,5.53914373088685,0,3,1
2025-07-27,319,315,4,1,0,2,1,1,553.6052,548.4004,12.695,1.3001,0.1024,5.805678233438486,0,2,0
2025-07-28,405,390,12,3,3,3,6,3,759.0148,747.5283,23.4482,2.2917,0.0977,5.468069306930693,0,4,0
2025-07-29,418,405,11,0,2,7,4,3,810.2013,800.6492,24.3576,2.8113,0.1154,5.954436450839329,0,4,2
2025-07-30,451,441,9,1,1,4,5,3,885.7917,880.8821,20.8323,1.8919,0.0908,5.515777777777777,0,4,0
2025-07-31,392,385,7,1,0,1,3,4,806.9493,794.8247,21.2524,2.2254,0.1047,5.391326530612245,0,5,1
2025-08-01,421,412,6,3,3,5,1,1,810.3806,805.9928,15.6738,1.2911,0.0824,5.83547619047619,1,4,1
2025-08-02,329,323,6,1,0,1,3,2,641.2947,639.425,10.7976,0.9918,0.0919,5.423404255319149,1,4,3
2025-08-03,334,328,3,0,3,0,2,3,582.4407,570.3694,17.7578,1.7911,0.1009,5.887425149700599,1,0,1
2025-08-04,446,440,5,3,1,1,3,2,841.8443,835.4043,18.4338,1.8223,0.0989,5.747757847533633,1,1,0
2025-08-05,433,424,7,5,2,4,1,2,728.4299,727.9504000000001,13.4281,1.4906,0.111,5.717321016166282,1,3,1
2025-08-06,455,444,11,2,0,4,3,5,826.7511,823.7999,17.9103,7.1132,0.3972,5.685714285714286,0,2,2
2025-08-07,417,409,7,4,1,1,5,2,703.0746,693.3955,19.93,6.5093,0.3266,5.749638554216867,0,8,3
2025-08-08,403,392,10,0,1,7,2,2,695.4547,682.7783000000001,24.616500000000002,6.8324,0.2776,5.579800498753118,0,9,0
2025-08-09,338,333,4,1,1,1,3,1,575.1017,574.4015,10.0611,1.9755,0.1964,5.773668639053255,0,1,0
2025-08-10,346,338,6,0,2,2,2,2,681.8007,675.6416,15.8362,2.9003,0.1831,5.178612716763006,0,1,0
2025-08-11,426,411,14,3,1,6,4,4,711.7478,686.649,34.049,3.6574,0.1074,5.826291079812207,0,11,1
2025-08-12,396,389,7,0,0,3,4,1,833.7308,823.5023,22.5221,2.2737,0.101,5.498484848484849,0,7,0
2025-08-13,426,406,16,6,4,9,4,4,821.2676,813.4593,19.5407,1.9953,0.1021,5.725176470588234,0,3,0
2025-08-14,429,420,9,3,0,6,2,1,794.127,787.7661,16.9234,1.6359,0.0967,5.380652680652681,0,3,2
2025-08-15,486,478,6,3,2,4,1,1,973.4939,964.2414,20.857499999999998,2.4359,0.1168,5.758024691358025,0,2,2
2025-08-16,381,372,7,2,2,1,2,6,635.907,619.1903,23.6229,2.333,0.0988,5.606299212598425,0,3,3
2025-08-17,325,317,7,0,1,2,4,1,534.2235000000001,522.1381,18.7632,1.7182,0.0916,5.23395061728395,0,1,2
2025-08-18,415,408,6,5,1,2,2,4,644.1461,642.3146,13.4747,1.4201,0.1054,5.64289156626506,0,5,1
2025-08-19,386,380,5,2,1,2,1,2,619.8626,612.9235,16.18,2.0371,0.1259,5.366062176165803,0,1,0
2025-08-20,409,401,6,1,2,1,3,3,693.7222,689.5591,14.2925,1.1852,0.0829,5.926161369193155,0,1,0
2025-08-21,432,425,7,0,0,1,5,3,782.4499,777.7161,17.3936,1.676,0.0964,5.967592592592593,0,1,2
2025-08-22,458,443,14,0,1,3,8,6,767.2756,755.475,22.6919,2.1417,0.0944,5.561622807017543,0,0,2
2025-08-23,329,323,6,2,0,4,1,1,665.9654,657.9835,16.6682,2.0257,0.1215,5.7541033434650455,0,4,2
2025-08-24,330,327,2,1,1,1,0,2,663.1252,639.6186,33.0086,3.2615,0.0988,6.005151515151515,0,12,1
2025-08-25,370,363,5,1,2,1,4,1,623.3995,604.1403,27.0409,2.8065,0.1038,5.657837837837838,0,16,0
2025-08-26,420,408,12,3,0,4,4,7,722.8664,703.8857,30.4377,3.0942,0.1017,5.539234449760766,0,5,1
2025-08-27,400,388,9,3,3,2,5,2,632.3042,619.7795,21.08,2.0044,0.0951,5.464321608040201,0,2,3
2025-08-28,412,401,11,0,0,6,4,3,656.1412,641.7888,25.9313,2.3976,0.0925,5.476213592233009,0,3,1
2025-08-29,404,394,9,4,1,5,4,3,739.5451,729.0721,24.8233,2.0221,0.0815,5.6443069306930695,0,3,0
2025-08-30,342,335,6,1,1,2,4,2,585.6360999999999,581.8779,11.5982,1.1618,0.1002,5.471260997067449,0,4,0
2025-08-31,308,304,4,1,0,1,2,2,514.7523,508.0972,14.5433,1.5102,0.1038,5.464935064935065,0,0,0
2025-09-01,349,340,9,0,0,3,6,2,603.0042,595.1777,15.866200000000001,1.7074,0.1076,5.465616045845272,0,4,2
2025-09-02,432,420,10,1,2,4,5,4,835.9391,824.529,22.468500000000002,2.3396,0.1041,5.530858468677494,0,1,0
2025-09-03,353,347,6,2,0,2,0,4,632.9322,630.9301,10.9175,1.0568,0.0968,5.577903682719547,0,0,1
2025-09-04,359,349,8,1,2,3,3,3,611.5416,599.0197000000001,19.2902,1.8664,0.0968,5.781337047353761,0,0,2
2025-09-05,427,420,7,0,0,4,1,3,773.3068,765.2929,18.4421,2.0633,0.1119,5.617564402810304,0,3,2
2025-09-06,365,360,4,1,1,3,1,0,647.0299,641.167,13.9046,1.1678,0.084,5.433424657534247,0,2,0
2025-09-07,290,285,4,3,1,1,3,1,492.5241,486.9233,13.5398,1.1589,0.0856,5.504861111111111,0,2,2
2025-09-08,375,371,3,0,1,1,2,3,641.4691,631.507,16.9665,1.8581,0.1095,5.697326203208557,0,1,0
2025-09-09,393,386,6,2,1,4,2,0,767.4728,742.6941,35.2239,3.3874,0.0962,5.496692111959287,0,8,1
2025-09-10,424,417,5,0,2,1,2,5,791.0294,780.4654,22.4903,2.5917,0.1152,5.316509433962263,0,4,0
2025-09-11,363,357,5,2,1,3,2,2,597.3380999999999,596.2727,8.8025,0.895,0.1017,5.803856749311295,0,3,1
2025-09-12,380,367,11,0,2,5,4,2,683.2266,663.9073,29.706599999999998,2.8939,0.0974,5.542368421052632,0,10,1
2025-09-13,327,317,9,0,1,5,2,3,589.7281,584.1027,14.0175,1.3715,0.0978,5.61319018404908,0,4,1
2025-09-14,322,317,5,2,0,2,3,1,617.2347,613.4092,14.5419,1.2545,0.0863,5.638198757763975,0,3,1
2025-09-15,378,373,4,0,1,3,1,2,634.8452,634.1506,9.343,0.8235,0.0881,7.9206896551724135,1,0,1
2025-09-16,384,372,11,0,1,7,4,3,580.1963,577.3802,14.6595,1.3802,0.0942,7.768848167539266,1,5,0
2025-09-17,354,347,7,1,0,3,1,4,608.4100999999999,595.8942,19.936,2.0908,0.1049,8.65,1,1,1
2025-09-18,381,374,7,4,0,4,1,3,729.1082,724.0658,15.8169,1.7806,0.1126,7.597894736842105,1,2,3
2025-09-19,381,374,6,0,1,3,3,2,667.8468,664.9228,15.3615,1.8624,0.1212,8.095275590551182,1,0,2
2025-09-20,318,312,4,1,2,1,2,3,529.2066,519.2168,18.1096,7.1853,0.3968,8.470347003154574,0,1,1
2025-09-21,303,298,3,4,2,3,0,0,560.6689,554.9432,15.407700000000002,5.5506,0.3602,6.913861386138614,0,1,1
2025-09-22,399,393,6,4,0,2,1,3,683.0945,683.187,12.0832,3.7181,0.3077,7.001758793969849,0,1,0
2025-09-23,412,409,3,3,0,1,1,1,766.5466,767.3708,10.8271,3.1191,0.2881,5.891504854368932,0,2,0
2025-09-24,392,382,9,1,1,4,3,2,569.8452,567.9067,9.841,2.129,0.2163,6.163010204081633,0,2,0
2025-09-25,397,381,11,3,5,5,6,3,651.1797,638.1626,24.1006,3.7403,0.1552,6.21007556675063,0,4,1
2025-09-26,389,382,6,1,1,2,5,2,682.4268,672.0917,19.8817,1.792,0.0901,5.462982005141388,0,11,2
2025-09-27,315,310,3,1,2,2,0,1,534.3783,529.132,12.2597,1.2444,0.1015,5.465714285714286,0,0,0
2025-09-28,301,296,5,1,0,4,2,0,623.3558,621.8528,11.2169,1.3758,0.1227,5.2953488372093025,0,1,0
2025-09-29,398,380,13,1,5,7,4,3,691.9633,682.5849,20.5289,2.2362,0.1089,5.57286432160804,0,5,2
2025-09-30,386,377,5,1,4,0,3,2,664.8872,636.8466999999999,36.059200000000004,4.156,0.1153,5.487305699481865,0,9,1
2025-10-01,442,431,9,1,2,4,4,2,761.6824,752.379,20.657899999999998,1.9088,0.0924,5.6680995475113125,0,5,2
2025-10-02,430,423,5,3,2,3,2,2,725.2886,720.741,15.3363,1.6005,0.1044,5.597435897435898,0,3,1
2025-10-03,403,395,8,3,0,3,3,2,676.8086,673.4535,15.5592,1.6244,0.1044,5.635074626865672,0,0,0
2025-10-04,305,300,5,0,0,1,1,3,456.7581,450.4737,12.2699,1.2241,0.0998,5.512459016393443,0,3,0
2025-10-05,298,292,6,3,0,3,2,1,525.9264,519.9484,14.1199,1.3974,0.099,5.605369127516779,0,4,0
2025-10-06,424,417,6,0,1,2,4,1,723.1645,712.8981,19.3254,2.0452,0.1058,5.810141509433962,0,4,1
2025-10-07,400,395,5,4,0,0,1,5,626.9307,613.6373,23.3838,2.0717,0.0886,5.784,0,6,0
2025-10-08,406,401,2,1,3,1,1,0,833.8623,813.0292000000001,33.0535,3.0426,0.0921,5.796790123456789,0,9,1
2025-10-09,354,342,9,0,3,3,4,3,659.1944,641.6463,24.6457,2.369,0.0961,5.574576271186441,0,2,0
2025-10-10,417,409,7,1,1,4,3,0,759.7772,747.2548,21.5411,2.1223,0.0985,6.0161057692307685,0,1,0
2025-10-11,328,319,7,1,2,3,2,5,499.3208,485.7278,18.8481,2.2196,0.1178,5.258841463414634,0,2,2
2025-10-12,298,292,4,1,2,3,0,1,524.9707,505.1401,27.731700000000004,2.9492,0.1063,5.829865771812081,0,3,0
2025-10-13,384,374,8,0,2,5,3,2,726.3306,698.0851,38.3702,4.0305,0.105,5.633681462140991,0,8,2
2025-10-14,402,396,5,2,1,2,1,2,767.9007,753.7902,26.6076,2.5285,0.095,5.745137157107233,0,3,2
2025-10-15,397,385,11,3,1,1,5,8,656.3458,643.9576,26.2297,2.7733,0.1057,5.577078085642317,0,4,0
2025-10-16,390,383,6,1,1,2,3,2,713.6625,710.3365,16.3708,1.8058,0.1103,5.588174807197944,0,1,0
2025-10-17,394,384,8,2,2,3,4,2,742.3321,735.5218,19.8287,1.8583,0.0937,5.601776649746193,0,2,1
2025-10-18,316,309,5,1,2,0,2,3,602.679,595.0342,15.1255,1.6246,0.1074,5.506329113924051,0,4,0
2025-10-19,324,312,7,1,5,2,5,5,643.384,631.3776,24.1126,2.2928,0.0951,5.7064814814814815,0,3,1
2025-10-20,432,421,11,1,0,4,4,5,728.4397,718.8921,19.9336,1.9961,0.1001,5.719907407407407,0,3,1
2025-10-21,337,326,10,1,1,7,2,4,552.0623,535.6063,22.2835,2.6228,0.1177,5.60059347181009,0,3,0
2025-10-22,392,385,6,2,1,1,2,4,828.6389,818.9002,21.534,1.9865,0.0922,5.398717948717949,0,1,1
2025-10-23,401,393,8,1,0,5,2,3,606.8405,599.7161,13.603,1.2102,0.089,5.41575,0,2,3
2025-10-24,406,397,7,1,2,6,2,0,745.332,735.0137,20.0072,1.8664,0.0933,5.686206896551724,0,2,0
2025-10-25,316,312,4,1,0,2,2,0,496.0514,491.1495,10.2784,1.1456,0.1115,5.27879746835443,0,1,0
2025-10-26,288,284,4,1,0,3,1,1,561.7453,553.4817,15.2265,1.5132,0.0994,5.672569444444445,0,1,0
2025-10-27,407,401,4,2,2,2,2,1,836.0603,830.4559,18.3312,1.7859,0.0974,5.716953316953317,0,2,0
2025-10-28,441,427,14,2,0,6,5,4,741.3027,730.7458,19.439,2.0679,0.1064,5.8965986394557826,0,2,1
2025-10-29,363,357,6,3,0,2,2,2,779.8379,781.7553,13.0602,1.4564,0.1115,5.649586776859505,0,1,1
2025-10-30,419,415,4,0,0,2,1,1,759.7264,757.3999,14.0425,1.3795,0.0982,5.6233890214797135,0,2,1
2025-10-31,391,386,5,2,0,1,3,2,654.1661,650.2979,13.8415,1.2783,0.0924,5.839743589743589,0,2,1
2025-11-01,328,322,6,2,0,3,2,1,558.5055,551.3116,15.277800000000001,1.6229,0.1062,5.511926605504588,0,4,1
2025-11-02,309,302,6,1,1,3,2,2,522.1109,517.1851,12.6007,1.3319,0.1057,5.690938511326861,0,4,0
2025-11-03,401,393,5,4,3,2,3,3,711.4379,706.0143,18.3921,1.9275,0.1048,5.843391521197007,0,4,2
2025-11-04,441,427,12,2,2,3,8,2,728.4777,708.5365,30.380499999999998,2.8532,0.0939,5.663945578231293,0,11,5
2025-11-05,422,409,11,4,2,4,5,4,712.7779,706.2821,17.7281,1.9212,0.1084,5.602132701421801,0,3,1
2025-11-06,451,439,10,2,2,5,5,3,807.8092,798.4613,20.304199999999998,2.1242,0.1046,5.419512195121951,0,3,0
2025-11-07,439,424,14,3,1,11,4,1,810.4158,798.4927,20.6896,2.0527,0.0992,5.802277904328018,0,5,3
2025-11-08,340,331,9,2,0,6,4,0,619.3688999999999,610.5435,17.926,1.7338,0.0967,5.377058823529412,0,0,1
2025-11-09,366,360,5,1,1,1,2,2,575.6969,572.1262,11.5337,1.082,0.0938,5.73013698630137,0,0,0
2025-11-10,420,403,16,0,1,7,8,3,774.5975,761.1293,23.0199,2.2662,0.0984,8.32047619047619,1,5,1
2025-11-11,430,410,17,2,3,11,6,4,785.24,777.2663,19.8153,1.7767,0.0897,7.638372093023256,1,3,0
2025-11-12,403,391,12,3,0,3,4,6,827.8489,810.9289,28.5865,2.5697,0.0899,8.038213399503721,1,7,1
2025-11-13,412,397,14,4,1,6,6,4,716.7697000000001,701.1098,26.3416,2.8761,0.1092,8.41338199513382,1,4,2
2025-11-14,395,376,16,2,3,9,7,1,674.84,650.3289,35.4082,2.8062,0.0793,8.627157360406091,1,2,0
2025-11-15,352,341,10,4,1,5,4,4,710.6629,705.1817,14.9345,7.0585,0.4726,7.242329545454546,0,3,2
2025-11-16,310,298,11,2,1,2,6,6,527.4533,521.1558,16.2644,6.4629,0.3974,7.5158576051779935,0,4,1
2025-11-17,430,414,15,3,1,7,5,4,733.3489,715.9493,26.9569,8.446,0.3133,7.149767441860465,0,1,3
2025-11-18,408,398,8,1,2,4,4,1,721.5974,718.5761,14.0668,3.2551,0.2314,6.703676470588235,0,1,2
2025-11-19,440,435,4,5,1,3,2,0,742.3657,737.4642,17.9264,3.9131,0.2183,6.341590909090909,0,2,0
2025-11-20,430,418,8,2,4,4,3,1,762.9449,750.2772,23.973300000000002,4.2157,0.1758,6.02,0,3,1
2025-11-21,457,447,10,1,0,7,3,1,785.2598,778.1503,18.5961,2.312,0.1243,5.604824561403509,0,3,1
2025-11-22,350,341,7,2,2,4,5,3,632.1228,623.5501,16.8365,1.5635,0.0929,5.469164265129683,0,2,2
2025-11-23,302,295,4,1,3,3,0,1,484.5805,479.9149,12.5858,1.3972,0.111,5.8834437086092715,0,0,1
2025-11-24,411,401,10,5,0,2,1,7,691.6591999999999,683.4617,18.0915,1.8699,0.1034,5.40439024390244,0,2,3
2025-11-25,383,377,4,3,2,3,0,2,557.2408,555.3176,10.0463,1.0374,0.1033,5.4731070496083545,0,2,0
2025-11-26,400,388,10,1,2,4,4,5,690.0029,673.6418,25.0325,2.4259,0.0969,5.594736842105264,0,5,2
2025-11-27,450,439,11,4,0,5,5,2,720.3592,717.869,16.3974,1.6867,0.1029,5.620222222222222,0,3,2
2025-11-28,429,415,11,5,3,7,3,3,707.999,696.2294,25.6522,2.482,0.0968,5.427505827505827,0,7,1
2025-11-29,320,314,6,2,0,2,5,1,478.6063,478.0014,9.7517,0.9779,0.1003,5.523125,0,6,2
2025-11-30,314,309,5,2,0,1,2,2,571.0659,570.6433,10.0534,1.0884,0.1083,5.786942675159235,0,2,2
2025-12-01,498,492,6,4,0,3,1,2,893.9562,894.136,14.1456,1.3507,0.0955,5.606024096385543,0,3,0
2025-12-02,461,447,13,1,1,9,4,3,776.0227,768.2966,20.586100000000002,1.9386,0.0942,5.458351409978309,0,3,1
2025-12-03,477,462,14,2,1,4,5,7,716.8184,690.5371,33.2145,2.9746,0.0896,5.6722689075630255,0,4,0
2025-12-04,506,497,7,1,2,4,3,2,902.3442,899.2473,15.621699999999999,1.792,0.1147,5.684950495049505,0,3,1
2025-12-05,532,519,10,0,3,7,3,0,793.5921,784.5043,21.1617,2.1487,0.1015,5.73578154425612,0,7,5
2025-12-06,418,411,5,0,2,2,3,1,773.733,772.8907,14.7753,1.5775,0.1068,5.355180722891567,0,0,0
2025-12-07,349,340,9,2,0,3,5,3,676.5,666.2131,21.0966,2.184,0.1035,5.598850574712644,0,3,5
2025-12-08,507,495,8,2,4,6,1,3,925.0083,904.7918999999999,32.019999999999996,3.1531,0.0985,5.7465483234714005,0,8,0
2025-12-09,503,492,9,2,2,2,4,3,815.7192,806.5359,18.9416,2.1487,0.1134,5.922465208747515,0,4,1
2025-12-10,511,499,11,2,1,4,5,4,773.5273,759.8015,21.1571,1.8344,0.0867,5.580430528375734,0,5,1
2025-12-11,549,534,12,1,3,6,6,4,1061.917,1043.2976,33.4016,3.7095,0.1111,5.643351548269581,0,7,0
2025-12-12,439,427,10,1,2,5,4,2,775.142,761.0729,21.8717,1.7941,0.082,5.6870159453302955,0,4,2
2025-12-13,391,377,12,0,2,5,6,5,700.3837,670.8294,36.9727,3.535,0.0956,5.6319693094629155,0,5,0
2025-12-14,419,414,5,0,0,3,0,2,712.3271,707.1801,15.8542,1.5933,0.1005,5.3336515513126495,0,1,0
2025-12-15,452,442,9,2,1,7,1,3,760.7196,756.8793,14.1753,1.4557,0.1027,5.726385809312639,0,3,1
2025-12-16,546,542,4,1,0,3,1,1,955.7083,954.7055,15.1216,1.3529,0.0895,5.655311355311356,0,1,1
2025-12-17,511,500,9,2,2,2,6,4,934.1578,924.9902,23.2791,2.17,0.0932,5.524461839530333,0,5,1
2025-12-18,527,508,17,1,2,6,5,7,981.6739,946.7279,50.3813,4.6841,0.093,5.766034155597723,0,5,1
2025-12-19,484,478,5,3,1,0,1,5,880.4019,876.2370999999999,16.971,2.0279,0.1195,5.555785123966942,0,4,3
2025-12-20,428,419,9,0,0,3,6,2,701.2564,689.2199,20.4583,2.4633,0.1204,5.607242990654206,0,2,0
2025-12-21,434,423,9,2,2,2,4,4,748.4862,742.4814,17.498,1.8176,0.1039,5.442396313364055,0,3,0
2025-12-22,510,502,7,1,1,3,1,3,920.4348,911.7086,21.0563,2.1749,0.1033,5.606470588235294,0,2,1
2025-12-23,509,503,6,1,0,3,1,3,871.3506,864.2861,19.7703,2.1723,0.1099,5.809233791748527,0,0,1
2025-12-24,511,503,7,0,1,3,1,4,895.1638,891.6654,16.0304,1.9442,0.1213,5.666208251473477,0,2,2
2025-12-25,477,463,10,3,4,3,4,7,859.4323,823.0454,52.3823,5.3963,0.103,5.572955974842768,0,9,1
2025-12-26,498,487,9,1,2,2,5,4,937.7827,924.9581,24.8976,2.037,0.0818,5.76425702811245,0,1,0
2025-12-27,403,393,7,0,3,6,2,2,817.696,800.4846,32.5461,3.2302,0.0992,5.622388059701492,0,4,2
2025-12-28,417,408,8,2,1,4,2,2,786.2187,778.7776,19.2245,2.2167,0.1153,5.477937649880096,0,1,3
2025-12-29,534,520,13,1,1,3,6,4,959.4962,949.3340000000001,22.9014,2.6127,0.1141,5.616165413533835,0,2,1
2025-12-30,472,457,11,0,4,4,4,4,814.2305,803.3956,24.2486,2.0957,0.0864,5.499576271186441,0,1,1
2025-12-31,500,485,13,1,2,3,3,8,881.0948999999999,838.0168,52.8517,5.2653,0.0996,5.5694,0,8,0
2026-01-01,527,518,8,0,1,5,3,1,1013.375,1015.4419,17.8889,1.8698,0.1045,5.465209125475285,0,0,2
2026-01-02,463,456,6,1,1,3,1,2,774.1653,768.9638,15.9635,1.6614,0.1041,5.6690476190476184,0,1,2
2026-01-03,373,356,15,6,2,4,4,8,657.7863,642.0962,26.5196,2.1754,0.082,5.386058981233244,0,0,4
2026-01-04,398,392,6,0,0,4,1,1,720.1642,718.8884,11.5177,0.9871,0.0857,5.712342569269522,0,1,1
2026-01-05,509,498,11,6,0,6,4,2,929.7082,928.3482,16.107,1.4082,0.0874,5.666338582677166,1,2,0
2026-01-06,485,480,5,2,0,3,2,1,833.9415,831.2582,14.5566,1.6561,0.1138,5.625465838509316,1,0,0
2026-01-07,523,510,11,1,2,5,4,3,849.4375,840.4018,20.4737,1.7038,0.0832,5.540613026819923,1,0,3
2026-01-08,511,506,4,0,1,1,3,1,747.4462,743.8366,14.1023,1.4083,0.0999,5.610763209393347,1,1,2
2026-01-09,511,501,9,1,1,3,4,4,1007.6591,992.062,26.8165,3.2857,0.1225,5.385294117647059,1,5,0
2026-01-10,407,398,9,0,0,3,3,3,815.2764,805.5649999999999,19.4336,7.3513,0.3783,5.774137931034483,0,0,1
2026-01-11,449,436,11,1,2,4,5,3,751.9759,734.145,26.9203,9.0554,0.3364,5.397104677060134,0,3,0
2026-01-12,481,474,5,1,2,3,3,1,787.7558,772.5739,27.4376,9.3274,0.3399,5.588773388773388,0,2,0
2026-01-13,428,421,6,1,1,3,2,1,708.907,694.2709,23.4646,4.3546,0.1856,5.815654205607476,0,1,1
2026-01-14,534,519,14,1,1,6,5,4,910.0706,891.3173,32.4727,6.6131,0.2037,5.749155722326455,0,16,2
2026-01-15,473,466,5,2,2,2,1,4,717.1128,706.141,21.0628,2.7763,0.1318,5.576744186046512,0,6,2
2026-01-16,490,485,4,2,1,2,1,3,783.4551,777.2963,17.1326,1.6891,0.0986,5.764621676891616,0,2,0
2026-01-17,425,410,13,1,2,8,2,5,811.3299,805.391,20.3083,1.9709,0.097,5.414858490566038,0,2,1
2026-01-18,358,348,8,2,2,4,4,1,616.631,614.3604,13.9413,1.5964,0.1145,5.659217877094972,0,1,1
2026-01-19,453,437,13,5,3,6,5,5,803.8306,787.5012,28.0547,3.1337,0.1117,5.7621681415929205,0,6,3
2026-01-20,441,434,5,0,2,1,3,1,767.3853,760.1572,19.5803,1.9933,0.1018,5.397732426303855,0,2,1
2026-01-21,466,457,8,1,1,5,2,3,764.7362,759.7583,17.1039,1.6576,0.0969,5.768025751072962,0,2,0
2026-01-22,502,492,8,5,2,4,4,4,898.4773,888.3901,24.2908,2.3165,0.0954,5.425099601593626,0,2,3
2026-01-23,506,495,8,2,3,4,2,4,913.2251,859.2675,71.6158,7.366,0.1029,5.6802371541501975,0,9,2
2026-01-24,402,393,6,1,3,4,1,1,777.4144,760.1801,27.253,2.7359,0.1004,5.520398009950248,0,1,1
2026-01-25,362,355,6,1,1,3,4,1,618.2487,611.8829,16.024,1.3157,0.0821,5.319889502762431,0,0,1
2026-01-26,422,414,8,6,0,5,3,2,784.3327,778.2532,18.8327,1.9108,0.1015,5.694549763033175,0,0,0
2026-01-27,491,479,9,2,3,4,6,2,850.8717,846.7191,18.9358,1.9001,0.1003,5.655510204081632,0,2,0
2026-01-28,476,464,11,2,1,3,6,4,737.8178,723.7779,22.1242,2.3519,0.1063,5.6570526315789476,0,1,2
2026-01-29,506,502,4,1,0,1,4,1,1068.7983,1058.9482,22.5393,2.1849,0.0969,5.404554455445545,0,4,3
2026-01-30,513,503,8,5,2,6,3,2,905.179,882.5746,35.6076,3.2848,0.0922,5.5716796875,0,2,1
2026-01-31,400,392,8,2,0,4,4,1,665.5396,664.6509,11.9324,1.1984,0.1004,5.506749999999999,0,3,0
2026-02-01,345,337,8,0,0,3,2,3,571.1183,562.4808,15.454699999999999,1.7644,0.1142,5.641860465116279,0,0,2
2026-02-02,411,400,10,1,1,2,5,3,768.5182,754.6032,25.7036,2.4623,0.0958,5.5788321167883215,0,5,0
2026-02-03,420,412,8,1,0,2,5,1,759.0124,739.035,29.1705,3.188,0.1093,5.408333333333333,0,3,2
2026-02-04,389,380,8,0,1,6,3,1,652.939,645.7124,17.2637,1.7897,0.1037,5.635824742268041,0,1,3
2026-02-05,403,390,12,1,1,8,1,5,711.7613,703.0145,15.5987,1.4545,0.0932,5.5219451371571076,0,0,1
2026-02-06,411,399,9,2,3,4,5,2,722.0635,700.4331999999999,31.366500000000002,3.2389,0.1033,5.522871046228711,0,5,1
2026-02-07,347,339,7,0,1,3,4,1,638.2625,626.2622,19.4061,1.6927,0.0872,5.835446685878963,0,1,1
2026-02-08,325,319,6,1,0,3,3,2,576.8069,572.7191,12.2765,1.2809,0.1043,5.440247678018576,0,3,0
2026-02-09,422,416,4,2,2,2,1,2,695.4257,688.8465,17.180500000000002,2.0961,0.122,5.588151658767772,0,2,4
2026-02-10,401,391,9,3,1,8,1,1,693.0337,684.9799,15.9735,1.6645,0.1042,5.644887780548628,0,2,1
2026-02-11,406,395,9,3,2,3,2,4,711.6721,703.826,19.451999999999998,1.9555,0.1005,5.350492610837438,0,1,0
2026-02-12,428,419,9,0,0,4,3,3,691.7192,676.1258,29.5368,2.7816,0.0942,5.575467289719627,0,6,1
2026-02-13,361,353,7,1,1,4,1,2,620.5062,606.9142,21.1199,2.424,0.1148,5.357222222222222,0,0,1
2026-02-14,305,301,4,1,0,1,2,1,522.8898,514.389,14.780899999999999,1.5848,0.1072,5.709508196721312,0,1,2
2026-02-15,301,291,9,1,1,0,7,4,550.0079,537.4016,21.4162,2.0245,0.0945,5.724584717607973,0,2,1
2026-02-16,352,349,1,2,2,0,1,1,633.4345,626.3874,14.8117,1.3923,0.094,5.761363636363637,0,3,1
2026-02-17,392,381,10,4,1,5,4,4,691.1408,688.9118,13.8154,1.3716,0.0993,5.663333333333333,0,3,2
2026-02-18,428,415,11,6,2,6,2,3,624.2308,615.7163,17.0161,1.7335,0.1019,5.417289719626168,0,0,1
2026-02-19,403,388,13,1,2,6,3,4,696.7862,673.7019,35.0465,3.6136,0.1031,5.470471464019851,0,7,1
2026-02-20,414,407,6,2,1,3,1,2,784.1135,781.5205,15.7933,1.294,0.0819,5.750970873786408,0,3,0
2026-02-21,353,344,7,2,2,3,4,4,640.2106,627.8301,21.4541,1.5417,0.0719,5.672804532577904,0,6,3
2026-02-22,358,350,7,1,1,4,2,2,548.5216,544.3982,12.8742,1.1905,0.0925,5.416759776536313,0,2,2
2026-02-23,408,400,5,2,3,3,1,2,662.8698,659.9143,14.5645,1.5911,0.1092,5.756511056511057,0,1,2
2026-02-24,443,431,12,0,0,7,4,2,733.1308,718.418,21.7968,2.1285,0.0977,5.675565610859728,0,7,0
2026-02-25,413,402,9,3,2,3,3,3,741.1443,732.5869,19.886,1.9216,0.0966,5.518401937046004,0,1,0
2026-02-26,390,381,9,0,0,1,1,7,665.8871,663.1126,12.786,1.3105,0.1025,5.433076923076923,0,3,0
2026-02-27,396,391,4,2,1,2,1,2,686.6505,677.4783,18.3932,1.7809,0.0968,5.523232323232323,0,1,0
2026-02-28,304,297,6,2,1,2,1,4,565.6101,566.3263,12.0915,1.2243,0.1013,5.808223684210526,0,2,2
2026-03-01,325,311,12,1,2,6,4,6,561.146,542.1288,28.3457,3.0404,0.1073,10.586153846153847,1,6,2
2026-03-02,418,395,21,0,2,14,6,5,785.4659,764.6227,29.3772,3.0631,0.1043,11.130861244019139,1,8,0
2026-03-03,446,424,19,0,3,10,10,2,722.6129,710.781,23.2635,10.4607,0.4497,10.123318385650224,0,4,1
2026-03-04,468,442,20,3,6,16,7,2,923.8591,895.1682,39.690799999999996,13.2906,0.3349,10.215236051502146,0,8,3
2026-03-05,391,378,10,5,3,7,3,1,756.3739,749.797,18.6274,6.0325,0.3239,8.869743589743589,0,4,0
2026-03-06,435,413,20,1,2,13,5,4,807.2153,794.6802,26.932199999999998,7.164,0.266,8.792165898617512,0,6,1
2026-03-07,323,312,10,1,1,6,2,3,562.992,556.596,15.0012,3.9242,0.2616,8.797515527950312,0,1,0
2026-03-08,354,344,10,0,0,6,3,2,561.4936,557.249,11.1962,2.4099,0.2152,7.737005649717514,0,2,0
2026-03-09,422,418,3,2,1,3,0,0,777.2831,778.8461,11.1224,2.0757,0.1866,7.00781990521327,0,6,1
2026-03-10,380,370,9,0,1,5,3,2,687.6564,682.8421,14.041,2.3273,0.1658,6.27842105263158,0,1,1
2026-03-11,451,442,6,0,3,1,4,3,849.8293,834.2627,26.9846,2.1597,0.08,5.7509977827051,0,1,0
2026-03-12,412,401,11,1,0,4,4,3,646.4289,638.1708,17.7373,1.8138,0.1023,5.722815533980583,0,2,1
2026-03-13,413,405,6,1,2,2,3,2,687.0923,680.0177,16.366,1.5897,0.0971,5.705084745762711,0,0,2
2026-03-14,324,318,5,3,1,2,1,2,567.0744,563.3351,12.3918,1.287,0.1039,5.522530864197531,0,4,1
2026-03-15,332,321,7,2,4,2,2,3,625.2877,608.9037,25.8205,2.2614,0.0876,5.339274924471299,0,5,0
2026-03-16,439,423,14,2,2,9,6,1,720.2239,711.1224,17.861,1.8649,0.1044,5.720594965675057,0,2,2
2026-03-17,422,411,11,2,0,4,6,2,667.3256,658.4845,17.9003,1.4091,0.0787,5.682380952380952,0,3,0
2026-03-18,437,426,10,3,1,4,3,3,791.7986,781.2089,24.1086,2.4453,0.1014,5.361098398169337,0,2,1
2026-03-19,437,432,4,3,1,4,0,0,748.0274000000001,745.1428,13.8547,1.4628,0.1056,5.485354691075515,0,1,0
2026-03-20,462,452,9,2,1,4,2,5,840.2850999999999,809.2992,40.7111,4.2946,0.1055,5.754880694143167,0,12,2
2026-03-21,340,331,7,2,2,4,2,1,616.2432,610.8851,14.9652,1.1544,0.0771,5.607058823529412,0,1,2
2026-03-22,316,303,12,1,1,6,4,2,590.7055,585.2354,14.9186,1.5139,0.1015,5.354113924050633,0,2,1
2026-03-23,456,449,7,2,0,1,3,3,758.9099,755.3962,14.033999999999999,1.758,0.1253,5.616666666666666,0,2,1
2026-03-24,421,413,7,2,1,1,2,4,712.5867,703.7447,18.8545,2.1274,0.1128,5.651068883610451,0,2,2
2026-03-25,459,453,5,1,1,1,3,2,772.9108,769.6361,16.0564,1.635,0.1018,5.61677559912854,0,1,1
2026-03-26,440,428,10,1,2,2,5,5,750.6817,731.8713,29.5642,2.7098,0.0917,5.259225512528475,0,6,1
2026-03-27,426,415,10,3,1,5,3,3,748.7447,743.3032,17.0097,1.6712,0.0982,5.716470588235294,0,1,0
2026-03-28,355,345,8,1,2,2,4,5,659.683,634.1658,33.2159,3.1786,0.0957,5.446197183098592,0,5,1
2026-03-29,390,385,5,4,0,2,2,1,692.693,687.1042,15.160400000000001,1.685,0.1111,5.660668380462725,0,1,0
2026-03-30,485,475,8,1,2,4,5,2,874.3085,867.2572,18.8625,2.1064,0.1117,5.436907216494846,0,2,2
2026-03-31,433,420,11,2,2,2,8,4,784.2384,768.6998,27.8631,3.2537,0.1168,5.427251732101617,0,4,0
2026-04-01,443,428,13,2,2,9,1,5,829.5187,821.0031,18.6773,1.7059,0.0913,5.531602708803612,0,2,0
2026-04-02,469,460,7,2,2,4,1,2,807.0263,803.9188,14.719100000000001,1.5351,0.1043,5.694658119658119,0,2,1
2026-04-03,418,407,10,3,1,5,2,3,755.2825,755.0152,11.9681,1.1525,0.0963,5.292805755395683,0,3,0
2026-04-04,364,358,5,1,1,0,3,3,650.8642,639.3815,20.1028,2.0398,0.1015,5.896428571428572,0,0,2
2026-04-05,356,346,9,2,1,0,4,5,627.9497,615.155,23.3374,2.2513,0.0965,5.382584269662922,0,5,1
2026-04-06,450,430,17,0,3,4,4,11,821.1203,787.3672,45.3254,4.4179,0.0975,5.66875,0,6,3
2026-04-07,418,407,10,0,1,7,3,3,719.196,709.2162,20.5023,2.0911,0.102,5.45,0,4,0
2026-04-08,399,389,9,2,1,6,2,1,717.6619,716.8053,12.4224,1.1101,0.0894,5.7,0,1,0
2026-04-09,387,375,12,1,0,5,4,5,650.0253,646.6401,11.7026,1.2225,0.1045,5.478756476683938,0,1,1
2026-04-10,412,401,8,2,3,2,6,0,862.779,858.8242,17.9698,1.5755,0.0877,5.585679611650486,0,2,2
2026-04-11,348,344,3,2,1,3,0,0,614.5596,613.5366,9.1705,0.9212,0.1005,5.816473988439307,0,1,0
2026-04-12,351,343,5,1,3,2,4,2,619.9568,609.1689,17.9966,1.8814,0.1045,5.4014245014245015,0,1,1
2026-04-13,493,485,6,2,2,2,3,2,803.383,792.0753,22.5129,2.2123,0.0983,5.473373983739838,0,4,0
2026-04-14,472,466,6,1,0,3,3,1,797.2069,793.6075,13.1352,1.3364,0.1017,5.614830508474576,0,6,0
2026-04-15,418,409,7,1,2,1,2,4,726.124,713.3905,22.2787,1.8205,0.0817,5.614628297362111,0,2,1
2026-04-16,452,446,5,1,1,3,1,1,810.5062,812.2577,11.6585,1.0668,0.0915,5.344690265486726,0,1,3
2026-04-17,432,419,11,2,2,4,2,5,665.6112,653.6366,20.6866,1.8617,0.09,5.499074074074074,0,1,1
2026-04-18,352,346,6,1,0,2,1,4,637.4939,629.6623,17.5279,1.7453,0.0996,5.550568181818182,0,0,1
2026-04-19,364,353,10,0,1,6,5,1,663.4983,652.7614,19.4212,1.8466,0.0951,5.754545454545455,0,3,1
2026-04-20,462,453,8,3,1,3,2,6,790.0197,781.0792,19.955000000000002,1.5191,0.0761,5.6121475054229935,0,3,0
2026-04-21,434,425,8,1,1,3,2,5,807.2557,793.9183,26.2943,2.4468,0.0931,5.97662037037037,0,7,1
2026-04-22,472,454,16,2,2,9,7,3,860.9261,846.9111,27.453,2.3591,0.0859,5.472245762711864,0,5,2
2026-04-23,413,405,8,3,0,3,1,4,807.3756,798.3753,18.7842,1.7651,0.094,5.618446601941748,0,3,1
2026-04-24,445,435,9,1,1,3,1,5,805.3243,795.703,22.354699999999998,1.8175,0.0813,5.484044943820225,0,4,0
2026-04-25,416,406,10,1,0,3,7,3,742.7706000000001,729.4786,23.3523,2.367,0.1014,5.658173076923077,0,3,0
2026-04-26,365,358,7,1,0,3,3,2,600.9204,591.6201,18.8351,1.6694,0.0886,5.537534246575342,0,2,1
2026-04-27,483,476,5,2,2,2,1,2,879.4631,871.8901,20.955199999999998,2.1872,0.1044,5.6612836438923395,0,0,3
2026-04-28,447,437,8,3,2,2,2,4,740.6396,719.1444,32.4354,3.1437,0.0969,5.826845637583893,0,13,1
2026-04-29,461,449,12,3,0,5,2,5,870.2216999999999,866.6708,16.7019,1.1001,0.0659,5.735652173913044,0,2,1
2026-04-30,446,438,6,4,2,3,3,4,724.2505,714.2192,19.676000000000002,2.2505,0.1144,5.73123595505618,0,2,1
2026-05-01,441,434,7,0,0,3,4,2,821.4264,821.325,11.4674,1.0392,0.0906,5.710909090909091,0,0,1
2026-05-02,344,337,6,1,1,1,5,2,577.8232,572.2222,12.9454,1.1658,0.0901,5.719767441860465,0,4,2
2026-05-03,370,357,11,0,2,7,6,1,686.9777,684.8399,13.5451,1.3825,0.1021,5.731081081081081,0,3,1
2026-05-04,423,415,8,1,0,6,3,1,857.9983,845.3227,24.1978,2.5283,0.1045,5.645626477541371,0,5,0
2026-05-05,466,455,11,1,0,8,3,0,767.425,764.6661,14.1993,1.3175,0.0928,5.60021505376344,0,4,1
2026-05-06,476,467,8,2,1,2,3,4,879.8902,871.7951,23.0907,2.0908,0.0905,5.819117647058824,0,4,2
2026-05-07,458,446,10,6,2,6,3,2,892.6901,880.5535,23.2761,2.1119,0.0907,5.814192139737991,0,4,0
2026-05-08,439,431,7,2,1,2,3,3,811.6677999999999,799.2092,24.261400000000002,2.6839,0.1106,5.628018223234624,0,4,5
2026-05-09,373,359,13,1,1,6,6,2,605.839,593.3362,18.4564,1.6038,0.0869,5.648525469168901,0,2,3
2026-05-10,357,349,8,1,0,3,4,3,606.0309,601.5898,13.5457,1.3496,0.0996,5.775350140056023,0,3,0
2026-05-11,474,465,9,0,0,4,4,3,799.7752,783.6179,25.1306,2.2646,0.0901,5.748202959830867,0,3,0
2026-05-12,402,392,10,2,0,2,3,6,722.1943,707.6079,24.8471,2.451,0.0986,5.8072319201995,1,5,2
2026-05-13,441,432,5,2,4,3,1,1,795.0201,781.7373,24.8913,2.3417,0.0941,5.733560090702948,1,3,2
2026-05-14,395,386,6,2,3,3,1,2,636.7848,625.4471,21.8403,2.3587,0.108,5.540253164556963,1,2,2
2026-05-15,409,397,12,2,0,3,6,5,736.0387,726.8052,19.089100000000002,1.5573,0.0816,5.723960880195599,1,2,0
2026-05-16,394,380,14,3,0,6,5,6,801.1532,794.5506,18.517,6.8963,0.3724,5.871573604060914,0,4,2
2026-05-17,384,376,7,2,1,4,4,0,683.905,678.3264,15.1323,6.0484,0.3997,5.801822916666667,0,2,1
2026-05-18,431,419,10,4,2,5,5,1,762.5461,747.7581,26.0533,9.1467,0.3511,5.606264501160093,0,9,1
2026-05-19,410,397,11,2,2,7,4,3,715.2094,705.672,20.2773,7.1273,0.3515,5.708048780487806,0,1,1
2026-05-20,373,364,7,4,2,3,3,2,627.1828,613.2208,22.8921,4.6805,0.2045,5.544504021447721,0,3,1
2026-05-21,436,424,10,2,2,5,3,2,783.2787,767.5806,24.1419,3.9482,0.1635,5.698853211009174,0,1,2
2026-05-22,516,503,11,4,2,5,6,2,998.6718,985.5743,27.4454,4.6566,0.1697,5.52621359223301,0,7,2
2026-05-23,374,366,6,0,2,2,2,4,595.6617,592.7071,11.7464,1.2881,0.1097,5.541443850267379,0,1,1
2026-05-24,352,343,9,2,0,4,6,5,651.4106,647.3142,16.5839,1.7739,0.107,5.7407407407407405,0,1,0
2026-05-25,464,456,7,2,1,3,0,4,767.8458,763.4477,15.3718,1.6922,0.1101,5.591594827586207,0,1,1
2026-05-26,410,403,5,0,2,3,3,1,776.7775,766.9264000000001,20.7941,2.0321,0.0977,5.638292682926829,0,4,0
2026-05-27,443,434,8,3,1,3,5,3,783.1707,752.8879000000001,38.527499999999996,2.9664,0.077,5.452821670428894,0,11,1
2026-05-28,455,446,8,6,1,3,3,4,770.6722,762.3265,17.1451,1.8467,0.1077,5.650989010989011,0,2,1
2026-05-29,450,445,4,6,1,1,1,2,833.4945,832.772,13.3141,1.4655,0.1101,5.682444444444444,0,1,0
2026-05-30,386,373,11,1,2,2,7,4,632.1138,626.6635,14.9594,1.5831,0.1058,5.493246753246753,0,2,3
2026-05-31,373,364,6,1,3,3,3,2,659.4493,632.1631,37.016,2.8596,0.0773,5.594623655913978,0,5,0
2026-06-01,481,469,11,1,1,2,7,5,937.4307,923.3707,26.1066,2.8381,0.1087,5.6125,0,3,1
2026-06-02,442,429,13,0,0,4,4,6,768.7189,763.3863,18.0808,1.8923,0.1047,5.73764172335601,0,3,1
2026-06-03,488,478,7,1,3,4,4,3,851.6804,843.2907,20.604499999999998,1.9285,0.0936,5.780532786885246,0,3,0
2026-06-04,507,497,8,4,2,1,3,5,982.7911,973.6223,20.4288,1.989,0.0974,5.644970414201183,0,3,2
2026-06-05,437,428,7,1,2,4,2,3,758.0546,752.6973,17.2253,1.9647,0.1141,5.670022883295195,0,4,1
2026-06-06,355,348,7,1,0,2,1,4,680.8687,680.6392,10.465,1.1732,0.1121,5.604815864022663,0,2,0
2026-06-07,405,392,12,2,1,5,4,5,737.3913,718.9095,28.0452,2.5988,0.0927,5.7188118811881195,0,3,1
2026-06-08,458,450,8,0,0,4,2,3,805.743,798.8483,17.9858,2.1527,0.1197,5.697155361050328,0,0,1
2026-06-09,503,495,7,3,1,2,3,2,965.7034,969.4389,13.4962,1.4974,0.1109,5.408167330677291,0,2,1
2026-06-10,452,441,9,0,2,3,5,3,834.4408,820.1164,24.2284,2.5674,0.106,5.596222222222223,0,3,3
2026-06-11,504,493,8,2,3,3,4,4,869.5569,867.4841,13.8569,1.4971,0.108,5.600992063492064,0,4,0
2026-06-12,467,457,8,1,2,2,4,2,870.3692,861.207,21.7661,2.1726,0.0998,5.526451612903227,0,2,0
2026-06-13,381,370,10,3,1,5,4,2,726.9331,718.8361,18.2909,1.7978,0.0983,5.573878627968337,0,2,1
2026-06-14,412,402,9,4,1,4,2,3,655.9564,652.0401,14.642800000000001,1.4334,0.0979,5.645388349514564,0,2,0
2026-06-15,454,441,12,2,1,5,5,2,891.316,855.685,45.8437,3.7697,0.0822,5.785903083700441,0,15,1
2026-06-16,438,435,3,1,0,0,0,3,738.7747,738.3325,13.4063,1.3345,0.0995,5.461415525114155,0,4,2
2026-06-17,454,445,9,1,0,1,5,5,870.6446,851.9621,30.3505,2.804,0.0924,5.542070484581497,0,7,6
2026-06-18,477,470,7,1,0,2,3,2,838.2633,834.7161,15.3136,1.5542,0.1015,5.421174004192872,0,4,0
2026-06-19,422,411,7,1,4,4,3,0,826.148,815.4843,22.3008,2.193,0.0983,5.765083135391924,0,2,1
2026-06-20,393,384,7,3,2,2,3,2,715.2418,689.4961,33.2667,3.6265,0.109,5.9109693877551015,0,1,1
2026-06-21,367,361,6,1,0,2,2,2,647.976,642.4776,13.2861,1.247,0.0939,5.938147138964578,0,3,1
2026-06-22,498,486,11,4,1,10,3,0,848.1373,820.8052,36.1849,3.8058,0.1052,5.699196787148594,0,6,1
2026-06-23,399,382,11,1,6,3,8,0,742.2239,723.2812,29.8642,3.2219,0.1079,5.435839598997494,0,4,1
2026-06-24,444,438,6,5,0,3,1,2,763.1559,763.1323,11.5368,1.3581,0.1177,5.543918918918919,0,1,1
2026-06-25,419,411,8,1,0,5,2,3,717.4699,714.063,13.7,1.4104,0.1029,5.5236276849642,0,2,1
2026-06-26,443,435,6,6,2,2,2,2,936.3903,922.6548,27.9804,2.6106,0.0933,5.8285067873303165,0,1,3
2026-06-27,383,376,6,2,1,2,2,2,620.8896,608.3038,21.3754,2.2728,0.1063,5.727415143603133,0,1,2
2026-06-28,374,369,4,0,1,4,1,0,663.9006,660.9099,11.3354,1.302,0.1149,5.777540106951872,0,2,2
2026-06-29,461,451,9,0,1,2,4,6,822.4005,813.5623,21.6157,1.7583,0.0813,5.511713665943601,0,1,2
2026-06-30,465,460,5,2,0,2,3,0,818.6817,819.9731,11.1348,1.1231,0.1009,5.617204301075269,0,2,1
2026-07-01,512,499,10,2,3,4,5,4,935.0517,922.8351,26.694,2.7779,0.1041,5.44609375,0,3,2
2026-07-02,474,464,9,0,1,5,3,2,882.3791,872.0793,21.9609,2.3178,0.1055,5.767584745762712,0,1,2
2026-07-03,527,518,6,2,3,3,2,2,900.564,890.908,21.2504,2.571,0.121,5.831368821292776,0,1,0
2026-07-04,425,411,11,1,3,2,3,6,727.4234,709.4985,26.7954,2.4994,0.0933,5.67364705882353,0,2,0
2026-07-05,418,410,7,0,1,1,4,2,759.1058,749.0416,21.9069,2.5008,0.1142,5.392344497607655,0,4,1
2026-07-06,522,508,14,5,0,7,4,5,1059.4376,1047.5553,27.3396,2.7075,0.099,5.563723608445297,0,4,2
2026-07-07,516,507,8,1,1,5,3,1,917.8584,916.7898,14.6698,1.3404,0.0914,5.52252427184466,0,3,2
2026-07-08,568,552,15,1,1,6,5,6,976.044,960.7402,28.5741,2.8838,0.1009,5.66696113074205,0,6,1
2026-07-09,505,498,6,2,1,2,3,3,1041.8593,1035.5153,22.3247,2.6671,0.1195,5.5449504950495045,0,2,1
2026-07-10,497,490,6,2,1,2,2,3,885.4606,877.1829,20.0094,1.897,0.0948,5.70725806451613,0,1,0
2026-07-11,393,388,4,2,1,3,1,1,710.4134,703.7978,16.2356,1.273,0.0784,5.509462915601023,0,2,0
2026-07-12,385,375,8,2,2,4,2,4,682.3725000000001,666.9648,23.986,2.4471,0.102,5.533246753246754,0,3,3
2026-07-13,471,464,7,1,0,2,1,5,881.6247,888.0504,10.6478,1.0608,0.0996,5.460425531914894,0,4,2
2026-07-14,480,472,7,1,1,2,2,4,848.8141,840.267,20.1134,2.1257,0.1057,5.6025,0,0,2
2026-07-15,507,493,13,0,1,5,7,5,908.7646,883.2917,38.6701,4.1516,0.1074,5.379289940828403,0,7,3
2026-07-16,518,509,8,0,1,4,3,2,946.0729,935.3265,23.6435,2.5993,0.1099,5.61023166023166,0,3,2
2026-07-17,512,500,11,0,1,8,4,0,930.732,917.9448,24.369600000000002,1.8971,0.0778,5.66015625,0,5,0
2026-07-18,393,383,10,2,0,1,6,4,632.8357,626.4645,14.5374,1.1892,0.0818,5.868193384223918,0,3,0
2026-07-19,437,425,12,2,0,4,6,3,776.0458,760.3525,25.5758,2.5566,0.1,5.70045766590389,0,2,1
2026-07-20,531,519,10,1,2,4,7,2,931.3608,912.2891,32.173,3.6146,0.1123,5.607156308851224,0,4,1
2026-07-21,505,499,5,0,1,3,4,0,866.669,862.2913,16.3804,1.4515,0.0886,5.507128712871287,0,4,0
2026-07-22,489,480,7,0,2,2,2,4,845.5343,836.6026,21.3314,1.9884,0.0932,6.13558282208589,1,0,2
2026-07-23,527,516,8,3,3,5,3,3,933.82,916.6301,30.720599999999997,3.2463,0.1057,6.020532319391635,1,5,0
2026-07-24,519,503,14,2,2,3,6,6,935.2255,918.2863,31.275100000000002,2.9061,0.0929,6.040038684719535,1,4,2
2026-07-25,377,368,8,2,1,6,0,2,649.4902,645.8369,11.8229,4.5627,0.3859,5.954111405835543,0,3,2
2026-07-26,412,403,9,2,0,4,2,3,758.6416,753.2435,17.0589,5.0792,0.2977,6.183902439024391,0,4,4
2026-07-27,519,498,17,0,4,6,6,7,960.6425,921.4807,51.262100000000004,15.261,0.2977,6.008092485549133,0,8,1
2026-07-28,483,473,9,0,1,3,2,5,846.2892,833.8558,23.1921,6.8235,0.2942,5.586929460580913,0,3,1
2026-07-29,517,507,7,2,3,1,5,3,977.3362,964.6268,27.8086,5.238,0.1884,5.810251450676983,0,1,1
2026-07-30,466,450,14,4,2,8,1,6,740.5818,733.9407,18.974,2.1772,0.1147,5.59247311827957,0,0,1
2026-07-31,553,540,12,6,1,5,6,4,999.5844,989.9407,27.526,2.6168,0.0951,5.692405063291139,0,0,0
2026-08-01,437,430,7,1,0,2,6,1,684.4071,683.119,11.2411,1.0753,0.0957,5.38512585812357,0,2,0
2026-08-02,401,397,4,6,0,3,1,0,673.1335,671.0542,12.1703,0.8537,0.0701,5.516708229426434,0,2,1
2026-08-03,518,494,16,3,8,3,5,12,836.5379,814.039,36.7038,4.5942,0.1252,5.448455598455599,0,3,1
2026-08-04,430,420,7,4,3,3,3,2,792.221,776.5518,25.2617,2.3383,0.0926,5.619302325581396,0,3,1
2026-08-05,468,459,9,2,0,4,4,1,886.4697,875.017,23.7154,2.3893,0.1007,5.939614561027837,0,3,0
2026-08-06,494,481,12,0,1,7,5,2,940.0484,932.9831,22.0376,2.2206,0.1008,5.682793522267207,0,3,1
2026-08-07,474,461,10,1,3,7,3,2,957.1599,936.8975,32.9086,3.3598,0.1021,5.4382663847780135,0,3,2
2026-08-08,425,415,10,2,0,5,5,1,772.8057,769.1252,15.3808,1.4956,0.0972,5.543529411764706,0,3,2
2026-08-09,457,439,10,1,8,3,6,5,827.3133,774.1605,66.6527,6.6431,0.0997,5.916630196936543,0,6,0
2026-08-10,469,460,7,0,2,5,0,2,869.7675,865.1005,19.3812,1.9837,0.1024,5.682089552238806,0,0,1
2026-08-11,479,471,7,1,1,2,4,1,873.0436,862.7078,20.650199999999998,2.3575,0.1142,5.998117154811715,0,1,3
2026-08-12,512,505,6,2,1,1,1,5,873.4854,864.3947000000001,20.7728,2.1612,0.104,5.46027397260274,0,3,0
2026-08-13,555,544,11,1,0,5,2,6,1082.8618,1081.6693,18.9227,2.0312,0.1073,5.513176895306859,0,0,0
2026-08-14,468,460,6,1,2,2,2,2,826.0199,823.0494,16.2347,1.7601,0.1084,5.559743040685225,0,2,1
2026-08-15,415,402,12,3,1,2,7,5,724.8095,710.0783,24.3782,2.4978,0.1025,5.642753623188406,0,3,2
2026-08-16,454,446,6,0,2,2,4,1,817.3206,811.7211,18.272100000000002,2.0986,0.1149,5.647240618101545,0,1,1
2026-08-17,457,444,10,3,3,7,1,2,829.0858,823.5293,20.9286,2.2699,0.1085,5.60219298245614,0,2,0
2026-08-18,467,453,11,2,3,4,6,2,810.3272,797.4298,23.8324,2.5408,0.1066,5.522483940042827,0,1,2
2026-08-19,494,484,8,1,2,3,2,5,871.4321,871.9665,15.5391,1.613,0.1038,5.75668016194332,0,1,1
2026-08-20,491,484,4,0,3,1,3,2,800.3995,788.5025,24.4129,2.4128,0.0988,5.521181262729124,0,0,0
2026-08-21,531,519,12,0,0,2,7,3,955.0538,944.4688,24.4481,2.5723,0.1052,5.499623352165726,0,3,3
2026-08-22,417,411,6,2,0,1,2,3,663.2615,645.2477,24.7008,2.6369,0.1068,5.724220623501199,0,0,0
2026-08-23,368,361,7,3,0,2,3,2,612.4146,595.8667,24.236,2.3413,0.0966,5.6915760869565215,0,3,0
2026-08-24,525,518,6,4,1,5,1,1,947.1305,942.2655,17.5762,1.6191,0.0921,5.636380952380952,0,3,0
2026-08-25,492,480,11,3,1,3,4,6,831.8179,824.9303,19.8884,1.8613,0.0936,5.475356415478616,0,2,4
2026-08-26,547,532,12,1,3,5,6,4,1081.4135,1069.4072,30.552400000000002,3.0827,0.1009,5.266176470588236,0,7,0
2026-08-27,489,475,12,4,2,4,6,3,934.8952,907.6851,41.5475,4.6847,0.1128,5.414959016393443,0,7,0
2026-08-28,489,479,8,2,2,3,3,2,849.4177999999999,843.2192,17.7657,1.7086,0.0962,5.460574948665298,0,1,1
2026-08-29,426,412,13,2,1,5,7,3,752.1995,746.7779,16.7305,1.6667,0.0996,5.353176470588235,0,2,1
2026-08-30,431,418,11,4,2,4,5,4,780.0272,763.4767,25.1534,2.759,0.1097,5.683953488372093,0,4,2
2026-08-31,524,515,8,0,1,3,4,4,959.2549,942.825,28.721799999999998,2.7538,0.0959,5.482251908396946,0,1,0
2026-09-01,411,402,7,0,2,2,3,2,795.0825,789.7929,19.1501,1.6253,0.0849,5.474878048780488,0,0,0
2026-09-02,472,464,6,2,2,2,3,2,904.8218,895.252,22.5333,2.4352,0.1081,5.5755838641188955,0,4,1
2026-09-03,429,420,9,1,0,1,6,2,721.1708,708.8109,21.1872,2.0766,0.098,5.896270396270396,0,1,3
2026-09-04,465,456,8,0,1,3,5,2,827.7685,828.4102,12.2842,1.4645,0.1192,5.34060475161987,0,5,0
2026-09-05,340,334,5,2,1,4,2,0,505.619,502.0298,9.8458,0.9584,0.0973,5.371681415929204,0,4,2
2026-09-06,382,372,8,1,2,4,4,3,631.2025,625.6202,13.9761,1.3913,0.0995,5.700523560209424,0,1,1
2026-09-07,436,428,5,6,3,0,3,2,740.3261,731.6735,22.4679,2.0807,0.0926,5.649770642201835,0,2,1
2026-09-08,424,416,8,1,0,3,3,2,705.3723,703.8658,11.8995,1.3605,0.1143,5.410141509433963,0,1,1
2026-09-09,479,475,4,3,0,2,2,0,831.9792,831.8571000000001,12.9563,1.1724,0.0905,5.663807531380754,0,2,1
2026-09-10,466,459,5,7,2,2,3,2,859.9022,841.9516,32.6009,3.3854,0.1038,5.982618025751073,1,6,0
2026-09-11,444,435,7,5,2,4,2,1,811.7717,804.9617,16.855,1.3784,0.0818,5.591891891891892,1,2,3
2026-09-12,406,400,5,7,1,1,4,0,654.6682,650.278,15.209999999999999,1.7179,0.1129,5.713827160493827,1,2,0
2026-09-13,363,350,12,6,1,9,3,2,681.9076,673.8959,21.435,7.8257,0.3651,5.429752066115703,0,2,3
2026-09-14,461,449,10,2,2,6,4,4,768.5842,759.6743,18.8631,6.6108,0.3505,5.720173535791757,0,2,0
2026-09-15,469,453,12,1,4,5,6,2,880.8515,866.6726,28.5,9.6336,0.338,5.833688699360341,0,13,1
2026-09-16,444,437,6,3,1,4,2,0,745.8591,743.1256,13.8155,3.1582,0.2286,5.824208144796381,0,2,2
2026-09-17,475,461,11,3,3,3,4,6,842.6132,822.0712,32.3697,5.977,0.1846,5.775578947368421,0,8,1
2026-09-18,446,440,3,2,3,1,2,1,714.8657000000001,698.6169,26.4135,3.8953,0.1475,5.682286995515695,0,3,1
2026-09-19,364,356,5,0,3,1,1,4,633.7094,615.555,25.6117,2.3741,0.0927,5.585164835164835,0,3,5
2026-09-20,404,389,12,0,3,8,2,3,711.6176,702.4502,17.9585,2.1393,0.1191,5.381435643564356,0,1,0
2026-09-21,433,420,11,2,2,5,4,4,732.4068,708.2323,33.250099999999996,3.071,0.0924,5.583333333333333,0,5,0
2026-09-22,396,388,6,1,2,2,4,0,729.628,723.5009,15.4819,1.3049,0.0843,5.516161616161616,0,1,1
2026-09-23,508,498,8,1,2,3,4,3,813.1563,796.9693,30.9076,3.5819,0.1159,5.425049309664694,0,3,2
2026-09-24,534,530,3,1,1,1,2,0,1005.241,1006.7081,14.3299,1.3442,0.0938,5.449718574108818,0,2,1
2026-09-25,453,440,12,2,1,5,4,5,814.994,801.8084,25.7017,2.5076,0.0976,5.438053097345133,0,3,4
2026-09-26,332,327,2,4,3,2,0,0,532.4187,526.8345,14.066,1.3585,0.0966,5.6,0,6,2
2026-09-27,369,358,9,1,2,6,4,0,686.2638000000001,680.7684,16.5047,1.9253,0.1167,5.579564032697548,0,2,2
2026-09-28,456,442,11,3,3,5,5,2,757.9887,731.6788,35.5184,3.3886,0.0954,5.504824561403509,0,4,3
2026-09-29,458,452,5,2,1,1,3,3,729.0209,723.9813,15.9324,1.9138,0.1201,5.819912472647702,0,2,2
2026-09-30,433,423,9,2,1,2,5,4,785.761,770.4731,23.6322,2.1925,0.0928,5.393764434180139,0,2,2
2026-10-01,485,477,7,0,1,4,3,2,797.5975,794.0218,16.0138,1.5533,0.097,5.6396694214876035,0,0,1
2026-10-02,483,472,10,6,1,6,1,3,812.5735999999999,810.8911,15.443999999999999,1.8546,0.1201,5.671161825726141,0,4,2
2026-10-03,345,335,9,0,1,4,0,5,559.1903,552.9874,14.2678,1.7418,0.1221,5.462028985507247,0,5,2
2026-10-04,396,389,7,1,0,3,4,0,650.0815,646.1659,14.4643,1.3313,0.092,5.529292929292929,0,3,2
2026-10-05,529,517,10,2,2,3,7,3,985.7892,977.9724,23.8454,2.2888,0.096,5.574431818181819,0,0,6
2026-10-06,474,467,5,0,2,3,1,2,879.9117,872.822,18.2554,1.7672,0.0968,5.428329809725159,0,0,1
2026-10-07,460,450,9,2,1,3,5,6,838.4272,839.1738,15.8666,1.7915,0.1129,5.759565217391304,0,2,1
2026-10-08,468,460,7,3,1,3,2,2,865.4188,860.3685,16.9598,1.9107,0.1127,5.6413276231263385,0,2,1
2026-10-09,488,471,9,1,8,1,7,3,857.4762,814.8461,55.8038,6.0369,0.1082,5.800204918032787,0,13,0
2026-10-10,341,335,4,1,2,2,2,2,581.0545,574.6258,14.8475,1.5744,0.106,5.68533724340176,0,5,0
2026-10-11,385,378,7,3,0,4,2,2,742.7156,728.4246,21.9623,2.0333,0.0926,5.524155844155844,0,2,2
2026-10-12,461,452,8,0,1,4,4,2,823.6398,826.4312,11.8056,1.3237,0.1121,5.611930585683297,0,1,0
2026-10-13,524,510,11,1,3,4,2,6,949.8371,928.8224,32.2794,3.3321,0.1032,5.68530534351145,0,5,0
2026-10-14,467,457,8,1,2,4,2,3,755.3512,747.9706,19.9182,2.3394,0.1175,5.747323340471092,0,1,1
2026-10-15,519,506,11,2,2,2,5,7,961.8495,946.7856,28.8189,2.3999,0.0833,5.420463320463321,0,6,1
2026-10-16,441,437,4,0,0,3,1,1,890.5648,889.3043,12.6518,1.1628,0.0919,5.477045454545455,0,2,0
2026-10-17,396,386,7,3,3,5,3,3,578.6078,572.1142,15.1883,1.3979,0.092,5.420454545454546,0,2,0
2026-10-18,389,384,4,1,1,1,3,2,777.0861,777.7151,12.010299999999999,1.0856,0.0904,5.867352185089975,0,1,0
2026-10-19,447,440,6,1,1,2,3,2,764.6131,759.1827,15.5073,1.4411,0.0929,5.433780760626399,0,3,3
2026-10-20,477,466,10,4,1,5,3,2,853.5981,844.6984,23.0694,2.0997,0.091,5.499369747899159,0,1,1
2026-10-21,509,499,10,1,0,4,2,5,943.4418,938.1575,17.9724,1.7627,0.0981,5.59744094488189,0,3,2
2026-10-22,465,457,6,3,2,2,2,3,927.9531,913.6062,25.0034,2.04,0.0816,5.642365591397849,0,2,1
2026-10-23,426,415,11,0,0,2,3,8,778.3474,771.2735,19.4379,1.8812,0.0968,5.658920187793427,0,2,1
2026-10-24,383,375,6,3,2,3,2,2,579.6423,577.554,11.3472,1.2115,0.1068,5.800261096605744,0,4,0
2026-10-25,363,351,11,2,1,4,5,4,652.9513000000001,635.8705,26.6474,2.9491,0.1107,5.741046831955923,0,6,1
2026-10-26,466,454,10,3,2,4,3,3,806.3303,794.7156,22.5102,2.3153,0.1029,5.689914163090129,0,4,4
2026-10-27,471,456,12,4,3,6,6,3,821.1021,807.3782,23.0361,2.4006,0.1042,5.705732484076433,0,6,1
2026-10-28,425,413,10,2,2,3,6,2,808.0135,795.9839,24.1354,2.5081,0.1039,5.529716981132076,0,2,1
2026-10-29,428,421,4,3,3,3,1,2,855.2008,842.586,25.2754,2.2625,0.0895,5.623185011709602,0,9,0
2026-10-30,490,482,7,2,1,4,1,2,930.4396,927.3306,22.294900000000002,2.1889,0.0982,5.659304703476483,0,2,0
2026-10-31,372,362,10,1,0,4,7,0,705.6348,698.79,17.608900000000002,1.7829,0.1012,5.593279569892473,0,0,0
2026-11-01,332,322,7,1,3,2,2,3,604.1667,599.345,12.5853,1.2524,0.0995,5.681515151515152,0,3,1
2026-11-02,507,499,7,1,1,2,3,2,988.7745,980.7753,21.4082,2.5716,0.1201,5.840631163708086,0,2,0
2026-11-03,493,488,5,3,0,3,1,1,835.652,834.5517,14.7572,1.4849,0.1006,5.739837398373984,0,2,0
2026-11-04,467,459,6,1,2,3,3,0,873.787,867.3515,18.5213,2.0011,0.108,5.489484978540772,0,4,0
2026-11-05,448,435,10,2,3,3,6,2,836.6771,809.8613,37.7738,3.6116,0.0956,5.641294642857143,0,4,1
2026-11-06,512,497,13,0,2,5,7,3,877.215,850.4039,36.0133,3.888,0.108,5.641015625,0,10,0
2026-11-07,403,390,10,2,3,5,4,4,690.6294,673.5529,27.2462,2.7629,0.1014,5.933746898263028,0,2,2
2026-11-08,450,440,7,3,3,3,3,1,840.7777,833.667,17.8354,1.8301,0.1026,5.517817371937639,0,1,2
2026-11-09,499,492,5,3,2,3,3,0,889.7224,876.5415,24.2528,2.0482,0.0845,5.429317269076305,0,6,2
2026-11-10,499,483,12,1,4,5,6,2,867.41,840.3976,38.189,4.0902,0.1071,5.586895161290323,0,1,1
2026-11-11,483,469,13,1,1,6,2,6,868.3657,849.9036,30.428,3.1401,0.1032,5.72008281573499,0,4,0
2026-11-12,512,496,14,2,2,10,4,1,932.8181,920.8653,25.015,2.5366,0.1014,5.802348336594912,0,0,1
2026-11-13,506,495,9,3,2,6,4,2,837.8457,822.9476999999999,26.6823,2.9023,0.1088,5.497425742574257,0,3,0
2026-11-14,425,415,5,2,5,1,2,5,711.4776,691.8798,29.2653,3.6041,0.1232,5.4810874704491725,0,7,0
2026-11-15,382,379,2,2,1,2,0,0,741.4629,744.832,9.2496,0.9609,0.1039,5.519895287958115,0,4,0
2026-11-16,476,466,8,2,2,4,4,3,806.5019,801.2678,16.314,1.5975,0.0979,5.675210084033614,0,1,1
2026-11-17,474,462,9,6,3,4,3,4,935.7653,926.257,23.6142,2.7397,0.116,5.472093023255814,0,0,2
2026-11-18,514,503,10,1,1,2,4,6,919.5231,909.5043,21.144000000000002,1.815,0.0858,5.687548638132296,0,4,0
2026-11-19,532,521,7,4,4,4,0,4,808.1598,802.0464,16.6583,1.6705,0.1003,5.809774436090226,0,1,3
2026-11-20,475,464,10,0,1,6,4,2,862.8892,855.3755,19.7873,1.7627,0.0891,5.636631578947369,0,2,0
2026-11-21,386,372,11,2,3,5,3,5,711.5108,687.7632,34.3232,3.14,0.0915,5.604145077720207,0,12,0
2026-11-22,403,397,5,0,1,1,1,3,671.0092,666.6855,12.8067,1.4992,0.1171,5.783830845771144,0,1,3
2026-11-23,482,474,8,0,0,5,2,2,949.4681,940.957,20.7474,2.0591,0.0992,5.749792531120332,0,3,5
2026-11-24,517,508,7,4,2,1,3,3,932.7614,920.6009,24.5335,2.4605,0.1003,5.633075435203095,0,5,1
2026-11-25,423,413,10,1,0,3,6,4,826.425,803.6366,32.5888,3.3384,0.1024,5.638061465721041,0,9,1
2026-11-26,465,457,4,1,4,1,2,2,866.7913,860.6697,18.4845,2.0758,0.1123,5.529032258064516,0,4,2
2026-11-27,467,447,19,1,1,10,8,7,774.4547,758.8673,27.1622,2.9065,0.107,5.545182012847966,0,4,0
2026-11-28,342,336,4,2,2,2,1,2,582.5671,577.071,15.324,1.5637,0.102,5.602923976608187,0,0,1
2026-11-29,374,364,9,2,1,4,3,2,644.1894,635.2145,18.6062,1.6339,0.0878,5.467828418230563,0,1,4
2026-11-30,464,454,7,0,3,6,1,1,774.2289,766.1147,19.3004,1.5703,0.0814,5.34375,0,2,2
2026-12-01,582,572,8,3,2,3,3,3,1261.536,1254.2789,26.3943,2.4808,0.094,5.814604810996563,0,5,0
2026-12-02,631,621,8,2,2,5,3,1,1004.4732,995.9094,21.9892,2.2584,0.1027,5.502380952380952,0,1,3
2026-12-03,581,568,13,1,0,7,4,3,1025.064,1008.3026,32.5916,3.5495,0.1089,5.6726333907056805,0,8,0
2026-12-04,553,543,9,0,1,1,6,3,940.5104,928.9719,27.0455,2.706,0.1001,5.745833333333333,0,3,1
2026-12-05,476,462,9,0,5,5,4,1,857.2775,844.2862,23.232499999999998,2.9185,0.1256,5.655157894736842,0,0,4
2026-12-06,509,497,10,0,2,2,3,5,901.7927,886.3474,28.1996,2.5797,0.0915,5.6415354330708665,0,3,2
2026-12-07,556,536,17,2,3,9,7,6,861.5461,851.2063,23.1263,2.5641,0.1109,5.541007194244605,0,3,3
2026-12-08,559,552,7,1,0,4,4,2,960.4492,955.3874,18.8107,1.6344,0.0869,5.824865831842576,0,2,3
2026-12-09,612,602,10,4,0,6,4,1,1085.116,1080.3134,19.793,1.3002,0.0657,5.688888888888889,0,4,3
2026-12-10,583,572,9,4,2,7,2,2,961.3457,955.4815,18.5756,1.579,0.085,5.440308747855918,0,2,0
2026-12-11,615,603,10,3,2,4,5,4,1101.9898,1092.1658,28.0436,2.8089,0.1002,5.781626016260162,0,6,2
2026-12-12,479,461,13,2,5,7,6,4,953.5835,933.2958,32.4702,3.8538,0.1187,5.732359081419625,0,8,0
2026-12-13,500,487,10,5,3,4,3,3,801.5732,796.3168,18.0218,1.6977,0.0942,5.41683366733467,0,2,2
2026-12-14,555,546,9,2,0,2,5,3,941.3814,937.0972,15.7377,1.9165,0.1218,5.887387387387387,0,1,0
2026-12-15,593,585,7,1,1,4,1,3,1013.567,1003.4113,23.003600000000002,2.091,0.0909,5.553625632377741,0,2,0
2026-12-16,588,584,3,3,1,1,0,3,954.1801,955.2055,14.8659,1.5205,0.1023,5.677512776831345,0,3,0
2026-12-17,552,541,11,2,0,6,1,4,1103.6025,1100.6692,20.7795,2.0436,0.0983,5.670833333333333,0,2,1
2026-12-18,539,527,10,1,2,4,4,5,949.5464,940.6863,23.6172,2.5843,0.1094,5.572727272727272,0,7,2
2026-12-19,500,492,7,2,1,2,3,2,891.4958,877.4129,25.6017,2.6517,0.1036,5.524,0,4,1
2026-12-20,471,461,8,2,2,4,4,3,793.9272,787.8272,16.5681,1.8775,0.1133,5.6887234042553185,0,1,0
2026-12-21,560,551,8,3,1,4,3,3,925.6951,921.4621,16.9074,1.8029,0.1066,5.4837209302325585,0,3,1
2026-12-22,591,579,10,2,2,4,5,3,1105.1327,1103.0541,19.0379,1.7791,0.0935,5.490693739424704,0,0,0
2026-12-23,637,622,10,2,5,3,5,2,1090.6388,1079.4339,26.8552,2.7699,0.1031,5.508976377952756,0,5,1
2026-12-24,515,504,9,0,2,3,2,5,941.3475,928.1134,27.2349,2.3103,0.0848,5.779337231968811,0,6,0
2026-12-25,542,529,10,3,3,4,4,3,956.2264,930.0929,39.3829,4.196,0.1065,5.6658671586715865,0,4,1
2026-12-26,455,439,14,2,2,7,6,4,794.9963,789.2778,16.8361,1.8809,0.1117,5.511428571428571,0,3,0
2026-12-27,525,517,7,4,1,3,4,1,1037.6022,1027.9863,25.2578,2.3094,0.0914,5.747318007662835,0,3,1
2026-12-28,606,594,7,2,5,3,4,1,1123.0113,1102.1449,35.5122,3.7964,0.1069,5.741625207296849,0,5,1
2026-12-29,623,604,16,1,3,2,12,5,1167.6936,1146.3453,36.5495,3.5405,0.0969,5.562921348314607,0,3,0
2026-12-30,559,545,12,2,2,6,3,3,910.4969,892.0805,32.2408,3.3298,0.1033,5.589445438282648,0,5,3
2026-12-31,559,550,5,0,4,4,1,3,1012.5122,1006.3478,20.9847,1.8305,0.0872,5.753309481216458,0,1,1
